2022-08-17 22:48:49.041056	https://www.encodeproject.org/report/?type=Experiment&control_type%21=%2A&perturbed=false&assay_title=long+read+RNA-seq&replicates.library.biosample.donor.organism.scientific_name=Mus+musculus&lab.title=Ali+Mortazavi%2C+UCI&status=released&limit=all
ID	Accession	Assay name	Assay title	Target	Target of assay	Target gene symbol	Biosample summary	Biosample term name	Dbxrefs	Description	Lab	Project	Status	Files	Related series	Biosample accession	Biological replicate	Technical replicate	Linked antibody	Organism	Life stage	Biosample age	Biosample treatment	Biosample treatment ontology ID	Biosample treatment amount	Biosample treatment amount units	Biosample treatment duration	Biosample treatment duration units	Synchronization	Post-synchronization time	Post-synchronization time units	Biosample modification site target organism	Biosample modification site introduced gene organism	Replicates	Mixed biosamples	Cellular component	Library construction platform	Library construction method
/experiments/ENCSR964OKW/	ENCSR964OKW	long read RNA-seq	long read RNA-seq				Mus musculus strain B6CASTF1/J gastrocnemius tissue male (4 days)	gastrocnemius		ENC4_381a, ENC4_382a B6Cast F1 PND4_Male Gastrocnemius	Ali Mortazavi, UCI	ENCODE	released	/files/ENCFF109LCM/,/files/ENCFF798HCT/,/files/ENCFF721SGX/,/files/ENCFF069POP/,/files/ENCFF541JWV/,/files/ENCFF362LGG/,/files/ENCFF643TDK/,/files/ENCFF901VQH/,/files/ENCFF821NRP/,/files/ENCFF564ISY/,/files/ENCFF345NER/,/files/ENCFF590BCU/		ENCBS659ATN,ENCBS895ZIH	2,1	1		Mus musculus	unknown	4 days												/replicates/ddb0bda9-17d5-474e-96ce-9f551abd2912/,/replicates/1e07989c-8e0c-42af-badf-5479709bb48d/				
/experiments/ENCSR907NKV/	ENCSR907NKV	long read RNA-seq	long read RNA-seq				Mus musculus myotube	myotube		C2C12 myotube	Ali Mortazavi, UCI	ENCODE	released	/files/ENCFF669LWV/,/files/ENCFF003OWX/,/files/ENCFF699KOR/,/files/ENCFF202MCY/,/files/ENCFF989OFS/,/files/ENCFF396UFT/,/files/ENCFF731HHB/,/files/ENCFF208IUW/,/files/ENCFF903EDB/,/files/ENCFF530FQL/		ENCBS606QKU,ENCBS373BHL	2,1	1		Mus musculus	unknown													/replicates/fabab56e-35be-41ae-9318-5e506e59a89e/,/replicates/073a5a8a-3f4d-448f-bdd4-e0d6fbb0a7e8/				
/experiments/ENCSR530ZLE/	ENCSR530ZLE	long read RNA-seq	long read RNA-seq				Mus musculus strain B6CASTF1/J adrenal gland tissue female (14 days)	adrenal gland		ENC4_225 - B6Cast F1 PND14_3x Females 03_Adrenals	Ali Mortazavi, UCI	ENCODE	released	/files/ENCFF435KPO/,/files/ENCFF266GHR/,/files/ENCFF580GPD/,/files/ENCFF671OCJ/,/files/ENCFF402PHJ/,/files/ENCFF026LZW/,/files/ENCFF777NDJ/,/files/ENCFF457ZLE/,/files/ENCFF704NBV/,/files/ENCFF094ZZY/,/files/ENCFF766SDP/,/files/ENCFF786ONI/		ENCBS403EIL,ENCBS232UIC	1,2	1		Mus musculus	unknown	14 days												/replicates/5b5cedd0-02d7-4d76-a8ea-61bfe518ba72/,/replicates/098eb1f6-27e6-4a75-b12d-1e7202ec826c/				
/experiments/ENCSR818JQK/	ENCSR818JQK	long read RNA-seq	long read RNA-seq				Mus musculus strain B6CASTF1/J gastrocnemius tissue female (25 days)	gastrocnemius		ENC4_395a, ENC4_396a B6Cast F1 PND25_ Female Gastrocnemius	Ali Mortazavi, UCI	ENCODE	released	/files/ENCFF640HNB/,/files/ENCFF837UMP/,/files/ENCFF058LLA/,/files/ENCFF556BPF/,/files/ENCFF402JSQ/,/files/ENCFF951RWG/,/files/ENCFF871UCZ/,/files/ENCFF481DML/,/files/ENCFF471VHL/,/files/ENCFF799QVH/,/files/ENCFF532WXY/,/files/ENCFF276PQU/		ENCBS508VOV,ENCBS549WDN	1,2	1		Mus musculus	unknown	25 days												/replicates/a73bad1c-6e6b-49ea-808f-4458ec9424c4/,/replicates/7533052b-8b06-429b-897d-5d76085f4a9a/				
/experiments/ENCSR909NPF/	ENCSR909NPF	long read RNA-seq	long read RNA-seq				Mus musculus strain B6CASTF1/J layer of hippocampus tissue female (2 months)	layer of hippocampus		ENC4_437, ENC4_438 hippocampus_B6Cast F1_2 months_female_6_ENC4_cDNA510	Ali Mortazavi, UCI	ENCODE	released	/files/ENCFF837YGC/,/files/ENCFF223JJA/,/files/ENCFF048ORD/,/files/ENCFF326JTG/,/files/ENCFF254PCW/,/files/ENCFF651GOK/,/files/ENCFF318PEQ/,/files/ENCFF337TQR/,/files/ENCFF987ICP/,/files/ENCFF212YBY/,/files/ENCFF039HPE/,/files/ENCFF820ZWO/		ENCBS912RBR,ENCBS422YFH	2,1	1		Mus musculus	unknown	2 months												/replicates/d3cdc893-ee11-476c-a2b6-0a905a1ea149/,/replicates/0a87870e-2a3c-4c0e-961e-990c72bbe0d1/				
/experiments/ENCSR698DOB/	ENCSR698DOB	long read RNA-seq	long read RNA-seq				Mus musculus strain B6CASTF1/J adrenal gland tissue male (10 days)	adrenal gland		ENC4_219 - B6Cast F1 PND10_Male 03_Adrenals	Ali Mortazavi, UCI	ENCODE	released	/files/ENCFF303OLU/,/files/ENCFF762CPK/,/files/ENCFF856RHM/,/files/ENCFF159OEQ/,/files/ENCFF997AID/,/files/ENCFF040WLR/,/files/ENCFF676ASW/,/files/ENCFF674HLT/,/files/ENCFF555CHX/,/files/ENCFF261QFC/,/files/ENCFF336YOF/,/files/ENCFF206GTT/		ENCBS588OTO,ENCBS368WXW	1,2	1		Mus musculus	unknown	10 days												/replicates/504de773-1c64-44da-810f-6ec64f6346ed/,/replicates/3d87e6b0-2a3c-4ccf-92c7-922a8045502a/				
/experiments/ENCSR852HRM/	ENCSR852HRM	long read RNA-seq	long read RNA-seq				Mus musculus strain B6CASTF1/J adrenal gland tissue female (2 months)	adrenal gland		ENC4_237 - B6Cast F1 PND 2 months_Female 03 _Adrenals	Ali Mortazavi, UCI	ENCODE	released	/files/ENCFF429RCV/,/files/ENCFF309RFX/,/files/ENCFF451RBQ/,/files/ENCFF387GTW/,/files/ENCFF014FXL/,/files/ENCFF242QIP/,/files/ENCFF660EKE/,/files/ENCFF291MJO/,/files/ENCFF685SKU/,/files/ENCFF666CDL/,/files/ENCFF560FEL/,/files/ENCFF442CVB/		ENCBS393LTW,ENCBS838VBH	1,2	1		Mus musculus	unknown	2 months												/replicates/a42b6885-c27f-4499-8881-27f887304f2a/,/replicates/ab294e15-e0e5-4acd-b2f0-b972b8f819b9/				
/experiments/ENCSR271ULH/	ENCSR271ULH	long read RNA-seq	long read RNA-seq				Mus musculus strain B6CASTF1/J adrenal gland tissue female (4 days)	adrenal gland		ENC4_217 - B6Cast F1 PND4_Female 03_Adrenals	Ali Mortazavi, UCI	ENCODE	released	/files/ENCFF977AQV/,/files/ENCFF474BPP/,/files/ENCFF626SLN/,/files/ENCFF116LNM/,/files/ENCFF983CFK/,/files/ENCFF402MIP/,/files/ENCFF106PGY/,/files/ENCFF146STA/,/files/ENCFF633GXD/,/files/ENCFF848AWY/,/files/ENCFF248ZUS/,/files/ENCFF358LAP/		ENCBS886BLQ,ENCBS118MVG	1,2	1		Mus musculus	unknown	4 days												/replicates/6acd5dd9-ba47-42ad-ac23-873aae344adc/,/replicates/40d7ba01-e5bc-479e-a8a7-3eb24b44ac23/				
/experiments/ENCSR454ECK/	ENCSR454ECK	long read RNA-seq	long read RNA-seq				Mus musculus strain B6CASTF1/J adrenal gland tissue male (14 days)	adrenal gland		ENC4_223 - B6Cast F1 PND14_3x Males 03_Adrenals	Ali Mortazavi, UCI	ENCODE	released	/files/ENCFF836THV/,/files/ENCFF134FFO/,/files/ENCFF970IHS/,/files/ENCFF517MJV/,/files/ENCFF800KCU/,/files/ENCFF950FUU/,/files/ENCFF379DRK/,/files/ENCFF191WUS/,/files/ENCFF817DYN/,/files/ENCFF495FTY/,/files/ENCFF485SLV/,/files/ENCFF871HGK/		ENCBS479RMT,ENCBS361GTM	1,2	1		Mus musculus	unknown	14 days												/replicates/5197e254-fcca-4fbf-850b-b371cc75421e/,/replicates/444f9b6c-72d5-4f82-b94f-305c8a4be908/				
/experiments/ENCSR084MKR/	ENCSR084MKR	long read RNA-seq	long read RNA-seq				Mus musculus strain B6CASTF1/J adrenal gland tissue female (36 days)	adrenal gland		ENC4_233 - B6Cast F1 PND36_Female 03_Adrenals	Ali Mortazavi, UCI	ENCODE	released	/files/ENCFF100OAR/,/files/ENCFF033SWF/,/files/ENCFF604SVZ/,/files/ENCFF511EBW/,/files/ENCFF010MHD/,/files/ENCFF898YPG/,/files/ENCFF083AGY/,/files/ENCFF399RPQ/,/files/ENCFF222VGG/,/files/ENCFF451OJM/,/files/ENCFF972YXU/,/files/ENCFF725NKO/		ENCBS681BGW,ENCBS668OIM	1,2	1		Mus musculus	unknown	36 days												/replicates/a508e6b7-ff9e-429c-989d-a8668c36c00f/,/replicates/f7255ac8-1dc8-4f5b-ad86-74b532b38a45/				
/experiments/ENCSR791JQO/	ENCSR791JQO	long read RNA-seq	long read RNA-seq				Mus musculus strain B6CASTF1/J left cerebral cortex tissue male (14 days)	left cerebral cortex		ENC4_453, ENC4_454 B6Cast F1 PND14 3x Males 03 L. cortex	Ali Mortazavi, UCI	ENCODE	released	/files/ENCFF322BTB/,/files/ENCFF100UBG/,/files/ENCFF823WDR/,/files/ENCFF812RTU/,/files/ENCFF254GFU/,/files/ENCFF832GTM/,/files/ENCFF777UGV/,/files/ENCFF849AKV/,/files/ENCFF769YZL/,/files/ENCFF125MOK/,/files/ENCFF816VUM/,/files/ENCFF708ASP/		ENCBS233WUB,ENCBS993UDC	2,1	1		Mus musculus	unknown	14 days												/replicates/fce4eb8a-fe21-495d-8a26-213a2925f133/,/replicates/306e2daf-9a32-4327-84cc-b4f0068f1db9/				
/experiments/ENCSR754VEZ/	ENCSR754VEZ	long read RNA-seq	long read RNA-seq				Mus musculus strain B6CASTF1/J gastrocnemius tissue female (10 days)	gastrocnemius		ENC4_387a, ENC4_388a B6Cast F1 PND10_Female Gastrocnemius	Ali Mortazavi, UCI	ENCODE	released	/files/ENCFF707EKH/,/files/ENCFF337DWM/,/files/ENCFF269FYE/,/files/ENCFF696VVK/,/files/ENCFF691USV/,/files/ENCFF775FEC/,/files/ENCFF293HRQ/,/files/ENCFF326GVC/,/files/ENCFF221IAN/,/files/ENCFF790IBF/,/files/ENCFF508QFT/,/files/ENCFF496IBH/		ENCBS927BKO,ENCBS900JGS	1,2	1		Mus musculus	unknown	10 days												/replicates/09a7fd09-961e-4666-824c-e16a9ea11c50/,/replicates/bce264a8-4158-4c4f-aec0-74103709959a/				
/experiments/ENCSR242UEB/	ENCSR242UEB	long read RNA-seq	long read RNA-seq				Mus musculus strain B6CASTF1/J adrenal gland tissue male (36 days)	adrenal gland		ENC4_231 B6Cast F1 PND36_ Male 03_Adrenals	Ali Mortazavi, UCI	ENCODE	released	/files/ENCFF396AJK/,/files/ENCFF988MZV/,/files/ENCFF875JYA/,/files/ENCFF549DGV/,/files/ENCFF501YNI/,/files/ENCFF806YCM/,/files/ENCFF297ZHK/,/files/ENCFF852UAU/,/files/ENCFF012CDD/,/files/ENCFF057KCX/,/files/ENCFF981JAQ/,/files/ENCFF758WHV/		ENCBS758KRR,ENCBS414TUZ	1,2	1		Mus musculus	unknown	36 days												/replicates/308984eb-288e-4b22-94b9-e1db17594645/,/replicates/46a71b29-bf4b-4caf-8663-281040446778/				
/experiments/ENCSR665XLM/	ENCSR665XLM	long read RNA-seq	long read RNA-seq				Mus musculus strain B6CASTF1/J adrenal gland tissue female (10 days)	adrenal gland		ENC4_221 - B6Cast F1 PND10_Female 03_Adrenals	Ali Mortazavi, UCI	ENCODE	released	/files/ENCFF863AGD/,/files/ENCFF391CPH/,/files/ENCFF321AJK/,/files/ENCFF815DRE/,/files/ENCFF276HLF/,/files/ENCFF550NPJ/,/files/ENCFF018CWD/,/files/ENCFF218PAQ/,/files/ENCFF815TTD/,/files/ENCFF556CPB/,/files/ENCFF756SOZ/,/files/ENCFF047XSD/		ENCBS824HLN,ENCBS622FYD	1,2	1		Mus musculus	unknown	10 days												/replicates/bc44c800-22c0-4ac6-a36d-d3646ec47401/,/replicates/429d20c9-b7e0-4513-85a0-d37ce0f39297/				
/experiments/ENCSR885NRP/	ENCSR885NRP	long read RNA-seq	long read RNA-seq				Mus musculus strain B6CASTF1/J adrenal gland tissue male (18-20 months)	adrenal gland		ENC4_239 B6Cast F1 PND 18-20 months_Male 03_Adrenals	Ali Mortazavi, UCI	ENCODE	released	/files/ENCFF953PDM/,/files/ENCFF811RRD/,/files/ENCFF527XYZ/,/files/ENCFF153SUM/,/files/ENCFF167IJD/,/files/ENCFF684SLZ/		ENCBS999WBI	1	1		Mus musculus	unknown	18-20 months												/replicates/26b92347-cda6-4b41-950f-29c38ee8ac80/				
/experiments/ENCSR628IMW/	ENCSR628IMW	long read RNA-seq	long read RNA-seq				Mus musculus strain B6CASTF1/J left cerebral cortex tissue male adult (18-20 months)	left cerebral cortex		ENC4_469, ENC4_470 B6Cast F1 PND 18-20 months Female 03 L. cortex	Ali Mortazavi, UCI	ENCODE	released	/files/ENCFF188URJ/,/files/ENCFF565RLW/,/files/ENCFF140SND/,/files/ENCFF325BXV/,/files/ENCFF368FAO/,/files/ENCFF691BND/,/files/ENCFF578NAL/,/files/ENCFF315DLM/,/files/ENCFF864JUM/,/files/ENCFF340NTJ/,/files/ENCFF851BOA/,/files/ENCFF603QTD/		ENCBS321KXV,ENCBS972OCB	2,1	1		Mus musculus	adult	18-20 months												/replicates/9c11648f-28d6-44df-99a0-e3e65d2aee71/,/replicates/eedf5278-ca8d-4c14-8fd7-41ae6328237c/				
/experiments/ENCSR309XOR/	ENCSR309XOR	long read RNA-seq	long read RNA-seq				Mus musculus strain B6CASTF1/J adrenal gland tissue female (18-20 months)	adrenal gland		ENC4_240 - B6Cast F1 PND 18-20 months_Female 03 _Adrenals	Ali Mortazavi, UCI	ENCODE	released	/files/ENCFF169PFY/,/files/ENCFF142NQU/,/files/ENCFF142VQP/,/files/ENCFF406KAE/,/files/ENCFF416OPW/,/files/ENCFF745YKM/,/files/ENCFF843IRW/,/files/ENCFF331LQP/,/files/ENCFF125RCP/,/files/ENCFF554MFV/,/files/ENCFF540ZRA/,/files/ENCFF941ZTS/		ENCBS180MQS,ENCBS703MDQ	1,2	1		Mus musculus	unknown	18-20 months												/replicates/803e0077-7a45-4922-af2a-5368325b4ddd/,/replicates/bf6868b8-7023-4f8c-81ad-3a4a09834a81/				
/experiments/ENCSR187TGD/	ENCSR187TGD	long read RNA-seq	long read RNA-seq				Mus musculus strain B6CASTF1/J heart tissue female (14 days)	heart		ENC4_483, ENC4_484 heart_B6Cast F1 PND14 3x Females 03 heart_ENC4_cDNA595, cDNA_596	Ali Mortazavi, UCI	ENCODE	released	/files/ENCFF356CMR/,/files/ENCFF885OVT/,/files/ENCFF718LUW/,/files/ENCFF484VDN/,/files/ENCFF079VYU/,/files/ENCFF014ZHD/,/files/ENCFF703PQX/,/files/ENCFF890XGT/,/files/ENCFF245XSW/,/files/ENCFF951AXN/,/files/ENCFF746BSO/,/files/ENCFF182QZF/		ENCBS976RBP,ENCBS807VSF	1,2	1		Mus musculus	unknown	14 days												/replicates/74c6ec94-a957-4cd7-9d73-fb670baaa7fa/,/replicates/ec2dcfb3-dcba-4c19-b6cc-93b79951f627/				
/experiments/ENCSR026WRM/	ENCSR026WRM	long read RNA-seq	long read RNA-seq				Mus musculus strain B6CASTF1/J layer of hippocampus tissue male (14 days)	layer of hippocampus		ENC4_415, ENC4_416 hippocampus_B6CastF1_PND14_3x male_7,8,9_ENC4_cDNA499	Ali Mortazavi, UCI	ENCODE	released	/files/ENCFF018SKD/,/files/ENCFF402OZL/,/files/ENCFF181UGB/,/files/ENCFF182ZKL/,/files/ENCFF587QKV/,/files/ENCFF574LQO/,/files/ENCFF655BWX/,/files/ENCFF153WGA/,/files/ENCFF110RMH/,/files/ENCFF057WDB/,/files/ENCFF753VCG/,/files/ENCFF964QFG/		ENCBS299AJA,ENCBS642ONZ	2,1	1		Mus musculus	unknown	14 days												/replicates/331f0537-d7d1-4beb-9808-846765d2d6ac/,/replicates/66ca1348-82f8-47b9-b8fe-ad1bc5940f2a/				
/experiments/ENCSR146ZFC/	ENCSR146ZFC	long read RNA-seq	long read RNA-seq				Mus musculus strain B6CASTF1/J layer of hippocampus tissue female (14 days)	layer of hippocampus		ENC4_413, ENC4_414 hippocampus_B6CastF1_PND14_3x female_4,5,6_ENC4_cDNA497	Ali Mortazavi, UCI	ENCODE	released	/files/ENCFF164GLG/,/files/ENCFF518QIV/,/files/ENCFF982CWF/,/files/ENCFF809BZD/,/files/ENCFF609FJG/,/files/ENCFF655JBV/,/files/ENCFF834PLA/,/files/ENCFF965DIE/,/files/ENCFF511POB/,/files/ENCFF083NGA/,/files/ENCFF336WYK/,/files/ENCFF176XZM/		ENCBS229LCL,ENCBS708FHL	1,2	1		Mus musculus	unknown	14 days												/replicates/8f998939-55ee-4a68-ad5c-dac85cd43919/,/replicates/7532d320-13ce-4b42-a8df-0493b4a6ec23/				
/experiments/ENCSR862DMK/	ENCSR862DMK	long read RNA-seq	long read RNA-seq				Mus musculus strain B6CASTF1/J left cerebral cortex tissue male (2 months)	left cerebral cortex		ENC4_465, ENC4_466 B6Cast F1 PND 2 months Male 03 L. cortex	Ali Mortazavi, UCI	ENCODE	released	/files/ENCFF819RBS/,/files/ENCFF285NUG/,/files/ENCFF427MWY/,/files/ENCFF977AFJ/,/files/ENCFF594DAT/,/files/ENCFF020CRL/,/files/ENCFF304UQX/,/files/ENCFF439LFE/,/files/ENCFF277JRJ/,/files/ENCFF792XAE/,/files/ENCFF150TSZ/,/files/ENCFF648CBY/		ENCBS350BQS,ENCBS790MBN	1,2	1		Mus musculus	unknown	2 months												/replicates/a676ecb2-c8f9-403b-9240-8b957d6ca107/,/replicates/5dabfb46-ed7e-4c83-a70e-2d9f5fbc856b/				
/experiments/ENCSR972DID/	ENCSR972DID	long read RNA-seq	long read RNA-seq				Mus musculus strain B6CASTF1/J layer of hippocampus tissue male (2 months)	layer of hippocampus		ENC4_439, ENC4_440 hippocampus_B6Cast F1_2 months_male_5_ENC4_cDNA511	Ali Mortazavi, UCI	ENCODE	released	/files/ENCFF701MFV/,/files/ENCFF338YTG/,/files/ENCFF253GGD/,/files/ENCFF509RDZ/,/files/ENCFF724GWS/,/files/ENCFF851TZJ/,/files/ENCFF572WXI/,/files/ENCFF436RSJ/,/files/ENCFF592IJK/,/files/ENCFF319IBF/,/files/ENCFF610OTK/,/files/ENCFF770KZK/		ENCBS762CAG,ENCBS379YDE	2,1	1		Mus musculus	unknown	2 months												/replicates/d4bb3aca-4270-4da5-8319-e4f252572f78/,/replicates/9faabe4b-1709-49d3-b757-2ee14f2da7ed/				
/experiments/ENCSR845IUJ/	ENCSR845IUJ	long read RNA-seq	long read RNA-seq				Mus musculus strain B6CASTF1/J gastrocnemius tissue male (2 months)	gastrocnemius		ENC4_401a, ENC4_402a B6Cast F1 PND 2 months_Male Gastrocnemius	Ali Mortazavi, UCI	ENCODE	released	/files/ENCFF223WNL/,/files/ENCFF710XJS/,/files/ENCFF327DHL/,/files/ENCFF441MLQ/,/files/ENCFF262EPW/,/files/ENCFF631YRN/,/files/ENCFF958QWV/,/files/ENCFF920WRS/,/files/ENCFF972SPD/,/files/ENCFF434ITE/,/files/ENCFF350HAC/,/files/ENCFF291WVH/		ENCBS258UBR,ENCBS689CSE	1,2	1		Mus musculus	unknown	2 months												/replicates/5e692fe7-80bd-4125-a5bb-d3d1c936c022/,/replicates/6678abd8-58ce-4649-bf24-e30f9ba8dc94/				
/experiments/ENCSR402DOZ/	ENCSR402DOZ	long read RNA-seq	long read RNA-seq				Mus musculus strain B6CASTF1/J gastrocnemius tissue male (14 days)	gastrocnemius		ENC4_389a, ENC4_390a B6Cast F1 PND14 Males Gastrocnemius	Ali Mortazavi, UCI	ENCODE	released	/files/ENCFF360HGM/,/files/ENCFF948TOU/,/files/ENCFF314WCX/,/files/ENCFF369DHX/,/files/ENCFF863QXC/,/files/ENCFF565KKQ/,/files/ENCFF137SHD/,/files/ENCFF792HGO/,/files/ENCFF213OCJ/,/files/ENCFF544KTY/,/files/ENCFF050HIC/,/files/ENCFF777SRQ/		ENCBS368GVV,ENCBS340HGO	2,1	1		Mus musculus	unknown	14 days												/replicates/551d9364-9b4a-414f-a96b-907c8959bb0a/,/replicates/494ea9e8-2b8f-4015-b0e7-3889737a067a/				
/experiments/ENCSR631KNS/	ENCSR631KNS	long read RNA-seq	long read RNA-seq				Mus musculus strain B6CASTF1/J left cerebral cortex tissue female (14 days)	left cerebral cortex		ENC4_455, ENC4_456 B6Cast F1 PND14 3x Females 03 L. cortex	Ali Mortazavi, UCI	ENCODE	released	/files/ENCFF067FIJ/,/files/ENCFF773BXP/,/files/ENCFF360PJW/,/files/ENCFF468KWN/,/files/ENCFF647URO/,/files/ENCFF163QYU/,/files/ENCFF929DJR/,/files/ENCFF673YZV/,/files/ENCFF950QSG/,/files/ENCFF633UIS/,/files/ENCFF634WTB/,/files/ENCFF563NJO/		ENCBS120AVS,ENCBS374ENP	2,1	1		Mus musculus	unknown	14 days												/replicates/34959958-bc13-419a-9119-c5ee2d1e0153/,/replicates/08d63b1e-5fd1-49b5-8655-c459a39e1658/				
/experiments/ENCSR375EOW/	ENCSR375EOW	long read RNA-seq	long read RNA-seq				Mus musculus strain B6CASTF1/J heart tissue male (2 months)	heart		ENC4_493, ENC4_494 heart_B6Cast F1 PND 2 months Male 03 heart_ENC4_cDNA605, cDNA606	Ali Mortazavi, UCI	ENCODE	released	/files/ENCFF236BJI/,/files/ENCFF583MVR/,/files/ENCFF851NBI/,/files/ENCFF358AEP/,/files/ENCFF437DOS/,/files/ENCFF505GEW/,/files/ENCFF769MAL/,/files/ENCFF487CUQ/,/files/ENCFF150RFK/,/files/ENCFF351OVP/,/files/ENCFF211WGH/,/files/ENCFF338XKM/		ENCBS154PWG,ENCBS297GPP	1,2	1		Mus musculus	unknown	2 months												/replicates/1fe45159-bd7f-4ad4-b790-33575b90720b/,/replicates/a66224be-64d7-4864-a2d0-dd0a21f90d40/				
/experiments/ENCSR437WYC/	ENCSR437WYC	long read RNA-seq	long read RNA-seq				Mus musculus strain B6CASTF1/J gastrocnemius tissue male (36 days)	gastrocnemius		ENC4_397a, ENC4_398a B6Cast F1 PND36_ Male Gastrocnemius	Ali Mortazavi, UCI	ENCODE	released	/files/ENCFF128SAF/,/files/ENCFF107CZA/,/files/ENCFF875OTH/,/files/ENCFF957OYJ/,/files/ENCFF937OFR/,/files/ENCFF806XAS/,/files/ENCFF663LKC/,/files/ENCFF472VGI/,/files/ENCFF524QBF/,/files/ENCFF550PLW/,/files/ENCFF373HEO/,/files/ENCFF042DME/		ENCBS182MGW,ENCBS458CJW	1,2	1		Mus musculus	unknown	36 days												/replicates/2c2c161a-cc26-42f6-83f2-fcc3c1dab38c/,/replicates/186aef7a-a881-47ae-8efb-253e200f7ede/				
/experiments/ENCSR370BHF/	ENCSR370BHF	long read RNA-seq	long read RNA-seq				Mus musculus strain B6CASTF1/J gastrocnemius tissue female (2 months)	gastrocnemius		ENC4_403a, ENC4_404a B6Cast F1 PND 2 months_Female Gastrocnemius	Ali Mortazavi, UCI	ENCODE	released	/files/ENCFF269LJQ/,/files/ENCFF163TJR/,/files/ENCFF271ZDH/,/files/ENCFF095FKV/,/files/ENCFF721JWI/,/files/ENCFF385JNL/,/files/ENCFF970PLN/,/files/ENCFF889ILV/,/files/ENCFF778AXP/,/files/ENCFF949HWT/,/files/ENCFF288WKH/,/files/ENCFF178GFU/		ENCBS523ZPG,ENCBS821KNX	2,1	1		Mus musculus	unknown	2 months												/replicates/07b7261b-ec1f-4d36-979b-399257c49702/,/replicates/18caa457-53c7-4a67-8a4f-52d007ecfc60/				
/experiments/ENCSR116DUT/	ENCSR116DUT	long read RNA-seq	long read RNA-seq				Mus musculus strain B6CASTF1/J gastrocnemius tissue male adult (18-20 months)	gastrocnemius		ENC4_405, ENC4_406 B6Cast F1 PND 18-20 months_Male Gastrocnemius	Ali Mortazavi, UCI	ENCODE	released	/files/ENCFF346SPF/,/files/ENCFF316OEQ/,/files/ENCFF865ZOH/,/files/ENCFF421HRA/,/files/ENCFF397MLW/,/files/ENCFF584LYA/,/files/ENCFF964INH/,/files/ENCFF353JKI/,/files/ENCFF816MCP/,/files/ENCFF057DYQ/,/files/ENCFF343FNC/,/files/ENCFF715RFV/		ENCBS074HMM,ENCBS983BLX	2,1	1		Mus musculus	adult	18-20 months												/replicates/7949e47e-21db-4ad4-a344-618871cd294f/,/replicates/7f1e6929-94e8-4585-8d10-940d2a5bb7d1/				
/experiments/ENCSR472CHU/	ENCSR472CHU	long read RNA-seq	long read RNA-seq				Mus musculus strain B6CASTF1/J layer of hippocampus tissue female (18-20 months)	layer of hippocampus		ENC4_441, ENC4_442 hippocampus_B6Cast F1_18 - 20 months_female_6_ENC4_cDNA513	Ali Mortazavi, UCI	ENCODE	released	/files/ENCFF677YIB/,/files/ENCFF896RNF/,/files/ENCFF558DQQ/,/files/ENCFF346JYL/,/files/ENCFF309ZQW/,/files/ENCFF649ECV/,/files/ENCFF241SUN/,/files/ENCFF201NMX/,/files/ENCFF973YHW/,/files/ENCFF311PXG/,/files/ENCFF803SSO/,/files/ENCFF295RJQ/		ENCBS953PDK,ENCBS528DMR	2,1	1		Mus musculus	unknown	18-20 months												/replicates/8145c01c-99c2-4ac9-9ebf-7df38f598ff9/,/replicates/3e6e71ad-f436-4e4d-80c1-2b771c60e11b/				
/experiments/ENCSR734WEK/	ENCSR734WEK	long read RNA-seq	long read RNA-seq				Mus musculus strain B6CASTF1/J gastrocnemius tissue male (10 days)	gastrocnemius		ENC4_385a, ENC4_386a B6Cast F1 PND10_Male Gastrocnemius	Ali Mortazavi, UCI	ENCODE	released	/files/ENCFF683WQY/,/files/ENCFF047OYU/,/files/ENCFF489ASY/,/files/ENCFF389RMT/,/files/ENCFF133MIS/,/files/ENCFF495MGN/,/files/ENCFF233QCR/,/files/ENCFF567ALB/,/files/ENCFF741ONO/,/files/ENCFF690TKD/,/files/ENCFF835VFA/,/files/ENCFF761TEY/		ENCBS766LFK,ENCBS078GAU	1,2	1		Mus musculus	unknown	10 days												/replicates/fbeb0aaa-ae4a-423e-8ac4-450902bc2dbc/,/replicates/acd039f4-80ea-4bf0-a46f-3a116bd431c5/				
/experiments/ENCSR172GXL/	ENCSR172GXL	long read RNA-seq	long read RNA-seq				Mus musculus F121-9	F121-9		LRGASP Mouse ES	Ali Mortazavi, UCI	ENCODE	released	/files/ENCFF874VSI/,/files/ENCFF667VXS/,/files/ENCFF313VYZ/,/files/ENCFF714ZJR/,/files/ENCFF564NGV/,/files/ENCFF993JVA/,/files/ENCFF493CBP/,/files/ENCFF280DWZ/,/files/ENCFF094NZA/,/files/ENCFF005VJA/,/files/ENCFF783PVA/,/files/ENCFF078IYM/,/files/ENCFF945QSC/,/files/ENCFF720CHP/,/files/ENCFF013QXE/,/files/ENCFF253EYM/,/files/ENCFF240QMR/,/files/ENCFF708XYC/,/files/ENCFF365YBV/,/files/ENCFF697PDG/,/files/ENCFF292NKU/,/files/ENCFF008DSH/,/files/ENCFF108NUC/,/files/ENCFF353BXC/		ENCBS648HXY,ENCBS951CRC,ENCBS418RDP	1,2,3	1		Mus musculus	unknown													/replicates/95093f44-2cf8-43e6-be14-9b1b97773a6e/,/replicates/8eec733d-6aba-4066-94d5-f02dff9a71cd/,/replicates/39ff491c-583c-42c5-bc98-6bee29139eb0/				
/experiments/ENCSR920WYI/	ENCSR920WYI	long read RNA-seq	long read RNA-seq				Mus musculus strain B6CASTF1/J gastrocnemius tissue female (14 days)	gastrocnemius		ENC4_391a, ENC4_392a B6Cast F1 PND14 Females Gastrocnemius	Ali Mortazavi, UCI	ENCODE	released	/files/ENCFF146QHH/,/files/ENCFF618PJT/,/files/ENCFF747LKP/,/files/ENCFF124DBU/,/files/ENCFF524FPE/,/files/ENCFF105TSU/,/files/ENCFF823CFA/,/files/ENCFF265ZQO/,/files/ENCFF736MDK/,/files/ENCFF285TTM/,/files/ENCFF402TUV/,/files/ENCFF497FRI/		ENCBS838OKI,ENCBS205QFK	2,1	1		Mus musculus	unknown	14 days												/replicates/100e19a3-ab11-4c3c-9caf-6b3cadd46780/,/replicates/5d396a3b-0700-45af-9eec-86973ed3cfd4/				
/experiments/ENCSR791CDT/	ENCSR791CDT	long read RNA-seq	long read RNA-seq				Mus musculus strain B6CASTF1/J gastrocnemius tissue male (25 days)	gastrocnemius		ENC4_393a, ENC4_394a B6Cast F1 PND25_Male Gastrocnemius	Ali Mortazavi, UCI	ENCODE	released	/files/ENCFF553TCC/,/files/ENCFF221ABY/,/files/ENCFF120IDX/,/files/ENCFF435GLV/,/files/ENCFF574THO/,/files/ENCFF486RFP/,/files/ENCFF977HLZ/,/files/ENCFF984UIN/,/files/ENCFF767GXC/,/files/ENCFF960HIF/,/files/ENCFF031TYU/,/files/ENCFF782OOE/		ENCBS737XNU,ENCBS404WDD	2,1	1		Mus musculus	unknown	25 days												/replicates/5b0f678d-08cd-43b3-9360-59acae16875c/,/replicates/0a20271b-2f65-455b-9737-286cf84f8574/				
/experiments/ENCSR295PVQ/	ENCSR295PVQ	long read RNA-seq	long read RNA-seq				Mus musculus strain B6CASTF1/J adrenal gland tissue male (25 days)	adrenal gland		ENC4_227 - B6Cast F1 PND25_Male 03_Adrenals	Ali Mortazavi, UCI	ENCODE	released	/files/ENCFF873KDL/,/files/ENCFF691HFL/,/files/ENCFF866CSV/,/files/ENCFF556WGF/,/files/ENCFF886RIS/,/files/ENCFF535UYC/,/files/ENCFF664ZFM/,/files/ENCFF243PJF/,/files/ENCFF142YCU/,/files/ENCFF367VJB/,/files/ENCFF388RDV/,/files/ENCFF782ASR/		ENCBS798KOH,ENCBS536PZT	1,2	1		Mus musculus	unknown	25 days												/replicates/f1c1e9af-7c22-43e6-b77a-23aec4a04d3a/,/replicates/12f42652-683b-481b-848c-674edde56a14/				
/experiments/ENCSR938RPH/	ENCSR938RPH	long read RNA-seq	long read RNA-seq				Mus musculus strain B6CASTF1/J heart tissue female (2 months)	heart		ENC4_495, ENC4_496 heart_B6Cast F1 PND 2 months Female 03 heart_ENC4_cDNA607, cDNA608	Ali Mortazavi, UCI	ENCODE	released	/files/ENCFF515VTE/,/files/ENCFF836SSV/,/files/ENCFF787OYH/,/files/ENCFF031EVU/,/files/ENCFF246TCD/,/files/ENCFF427ZRR/,/files/ENCFF100LXH/,/files/ENCFF106QZD/,/files/ENCFF348KGR/,/files/ENCFF992KKH/,/files/ENCFF997DFX/,/files/ENCFF520BOG/		ENCBS353NKX,ENCBS759GYL	2,1	1		Mus musculus	unknown	2 months												/replicates/5c40b784-eb1a-4441-bc45-37d1f4592dea/,/replicates/e1135603-7ece-436b-8864-4a1d664c3705/				
/experiments/ENCSR649MEZ/	ENCSR649MEZ	long read RNA-seq	long read RNA-seq				Mus musculus strain B6CASTF1/J adrenal gland tissue male (2 months)	adrenal gland		ENC4_235 B6Cast F1 PND 2 months_Male 03_Adrenals	Ali Mortazavi, UCI	ENCODE	released	/files/ENCFF006HTG/,/files/ENCFF122PGZ/,/files/ENCFF375UOF/,/files/ENCFF916NVH/,/files/ENCFF943KQU/,/files/ENCFF848XKB/,/files/ENCFF529OQN/,/files/ENCFF323YYL/,/files/ENCFF367SIB/,/files/ENCFF878HHU/,/files/ENCFF069HPA/,/files/ENCFF304MNF/		ENCBS110BLI,ENCBS886TIW	1,2	1		Mus musculus	unknown	2 months												/replicates/1896f965-dacc-4f2e-98f9-acb9e4829678/,/replicates/a2c8941d-1bab-4453-820e-627d33622163/				
/experiments/ENCSR524XLA/	ENCSR524XLA	long read RNA-seq	long read RNA-seq				Mus musculus strain B6CASTF1/J gastrocnemius tissue female (4 days)	gastrocnemius		ENC4_383a, ENC4_384a B6Cast F1 PND4_Female Gastrocnemius	Ali Mortazavi, UCI	ENCODE	released	/files/ENCFF459TBV/,/files/ENCFF477GNS/,/files/ENCFF624UJW/,/files/ENCFF462TIY/,/files/ENCFF142YJX/,/files/ENCFF913KDR/,/files/ENCFF742XMS/,/files/ENCFF757HQI/,/files/ENCFF164GGB/,/files/ENCFF907GME/,/files/ENCFF449IWN/,/files/ENCFF107OBP/		ENCBS519KGT,ENCBS559PTX	2,1	1		Mus musculus	unknown	4 days												/replicates/1637ca4c-98a0-44cf-9901-3f51fc5e6fc1/,/replicates/9f7f391d-35d6-462e-8540-e5b3541a5a7d/				
/experiments/ENCSR267XBT/	ENCSR267XBT	long read RNA-seq	long read RNA-seq				Mus musculus strain B6CASTF1/J heart tissue female adult (18-20 months)	heart		ENC4_499, ENC4_500 heart_B6Cast F1 PND 18-20 months Female 03 heart_ENC4_cDNA611, cDNA612	Ali Mortazavi, UCI	ENCODE	released	/files/ENCFF436QCP/,/files/ENCFF962UAG/,/files/ENCFF032HOK/,/files/ENCFF356MNK/,/files/ENCFF326CCW/,/files/ENCFF917ONC/,/files/ENCFF402AFJ/,/files/ENCFF688VMD/,/files/ENCFF828VWI/,/files/ENCFF957PNF/,/files/ENCFF931AJZ/,/files/ENCFF532FES/		ENCBS281CBG,ENCBS007ZPS	1,2	1		Mus musculus	adult	18-20 months												/replicates/b74339e5-37ef-4069-b754-aca191912744/,/replicates/4ffab878-8839-4e20-9f4c-ff9cd80564e6/				
/experiments/ENCSR410XGE/	ENCSR410XGE	long read RNA-seq	long read RNA-seq				Mus musculus strain B6CASTF1/J heart tissue male adult (18-20 months)	heart		ENC4_497, ENC4_498 heart_B6Cast F1 PND 18-20 months Male 03 heart_ENC4_cDNA609, cDNA610	Ali Mortazavi, UCI	ENCODE	released	/files/ENCFF144ZPI/,/files/ENCFF658YMS/,/files/ENCFF177KNR/,/files/ENCFF468BPP/,/files/ENCFF800GKP/,/files/ENCFF458JBD/,/files/ENCFF109GKB/,/files/ENCFF107ZLE/,/files/ENCFF510KLD/,/files/ENCFF234EYT/,/files/ENCFF481IDS/,/files/ENCFF139LZV/		ENCBS540JOT,ENCBS897MIA	1,2	1		Mus musculus	adult	18-20 months												/replicates/93b913dd-3734-4ab4-8f3b-0386cc83c402/,/replicates/929236b8-aa5d-4e68-a128-d1687384e71b/				
/experiments/ENCSR223AZQ/	ENCSR223AZQ	long read RNA-seq	long read RNA-seq				Mus musculus strain B6CASTF1/J gastrocnemius tissue female adult (18-20 months)	gastrocnemius		ENC4_407, ENC4_408 B6Cast F1 PND 18-20 months_Female Gastrocnemius	Ali Mortazavi, UCI	ENCODE	released	/files/ENCFF874TKI/,/files/ENCFF349HNM/,/files/ENCFF281GTL/,/files/ENCFF028QQV/,/files/ENCFF851RZH/,/files/ENCFF209DCU/,/files/ENCFF463IFJ/,/files/ENCFF523LUA/,/files/ENCFF794AWQ/,/files/ENCFF033HBE/,/files/ENCFF802BBO/,/files/ENCFF314YOZ/		ENCBS619XVK,ENCBS138KFH	1,2	1		Mus musculus	adult	18-20 months												/replicates/156dcaa8-c7ab-4f3d-84bb-59e632215ba6/,/replicates/af36b4b0-06b2-4b12-83f9-ea360679bc01/				
/experiments/ENCSR152PAT/	ENCSR152PAT	long read RNA-seq	long read RNA-seq				Mus musculus strain B6CASTF1/J layer of hippocampus tissue male (18-20 months)	layer of hippocampus		ENC4_443, ENC4_444 hippocampus_B6Cast F1_18 - 20 months_male_6_ENC4_cDNA515	Ali Mortazavi, UCI	ENCODE	released	/files/ENCFF489JRQ/,/files/ENCFF532MMA/,/files/ENCFF615IPE/,/files/ENCFF175BNQ/,/files/ENCFF064YWB/,/files/ENCFF600WNB/,/files/ENCFF662KKK/,/files/ENCFF128HJT/,/files/ENCFF525CXZ/,/files/ENCFF580YUZ/,/files/ENCFF258GUN/,/files/ENCFF733EHF/		ENCBS226ECT,ENCBS168YXE	2,1	1		Mus musculus	unknown	18-20 months												/replicates/ba6a0b51-1479-4923-b88b-e0b6f906dbbc/,/replicates/972ec478-c204-4e4d-9b91-7cd8031a856e/				
/experiments/ENCSR588IRT/	ENCSR588IRT	long read RNA-seq	long read RNA-seq				Mus musculus strain B6CASTF1/J gastrocnemius tissue female (36 days)	gastrocnemius		ENC4_399a, ENC4_400a B6Cast F1 PND36_Female Gastrocnemius	Ali Mortazavi, UCI	ENCODE	released	/files/ENCFF992ABD/,/files/ENCFF524YTF/,/files/ENCFF023TAX/,/files/ENCFF294TJX/,/files/ENCFF858GHL/,/files/ENCFF576RFK/,/files/ENCFF608LPM/,/files/ENCFF882CXN/,/files/ENCFF127PFP/,/files/ENCFF558RAL/,/files/ENCFF183WGH/,/files/ENCFF175VJM/		ENCBS062SUO,ENCBS342UJO	2,1	1		Mus musculus	unknown	36 days												/replicates/d979a398-e2a2-4df8-8d2f-da451c88cdda/,/replicates/a7dfb485-0d07-4558-ad86-ece7c396f373/				
/experiments/ENCSR861RCH/	ENCSR861RCH	long read RNA-seq	long read RNA-seq				Mus musculus strain B6CASTF1/J left cerebral cortex tissue female (2 months)	left cerebral cortex		ENC4_467, ENC4_468 B6Cast F1 PND 2 months Female 03 L. cortex	Ali Mortazavi, UCI	ENCODE	released	/files/ENCFF841YBH/,/files/ENCFF605NQH/,/files/ENCFF630ATG/,/files/ENCFF937WKF/,/files/ENCFF101RZW/,/files/ENCFF744IJS/,/files/ENCFF413JMT/,/files/ENCFF484SWE/,/files/ENCFF981KWX/,/files/ENCFF643TOZ/,/files/ENCFF127FGF/,/files/ENCFF948VEU/		ENCBS121OPX,ENCBS235YYJ	1,2	1		Mus musculus	unknown	2 months												/replicates/694d95cc-47d1-4d6f-ba93-bbc8fbf47407/,/replicates/be4e7502-5fe9-4b68-b1fb-24d08c3ae634/				
/experiments/ENCSR221XGR/	ENCSR221XGR	long read RNA-seq	long read RNA-seq				Mus musculus C2C12	C2C12		C2C12 Myoblast	Ali Mortazavi, UCI	ENCODE	released	/files/ENCFF019HRC/,/files/ENCFF676BYQ/,/files/ENCFF977FXX/,/files/ENCFF303FUP/,/files/ENCFF318ADE/,/files/ENCFF421MIL/,/files/ENCFF408MUF/,/files/ENCFF772LYG/,/files/ENCFF652XIT/,/files/ENCFF281QZG/		ENCBS824FPY,ENCBS649CMC	1,2	1		Mus musculus	unknown													/replicates/4d6831a1-7b90-4ecf-93a9-20f465623318/,/replicates/31161527-bdf8-43f8-891c-f1b982d520a1/				
/experiments/ENCSR926OGQ/	ENCSR926OGQ	long read RNA-seq	long read RNA-seq				Mus musculus strain B6NCrl layer of hippocampus tissue adult (6 months)	layer of hippocampus		Hippocampus from 6 mo C57BL/6 male	Ali Mortazavi, UCI	ENCODE	released	/files/ENCFF376LTY/,/files/ENCFF314QJI/,/files/ENCFF988VNH/,/files/ENCFF131HHK/,/files/ENCFF610NLF/,/files/ENCFF443ZCJ/,/files/ENCFF764ZXE/,/files/ENCFF797IQV/,/files/ENCFF502GTH/,/files/ENCFF949ERN/		ENCBS604NYS,ENCBS398AWS	1,2	1		Mus musculus	adult	6.0 months												/replicates/840738a0-fc98-415f-ba1f-b8003ce4022c/,/replicates/e665d328-0a8f-493e-9c43-63764762645e/				
/experiments/ENCSR893GCO/	ENCSR893GCO	long read RNA-seq	long read RNA-seq				Mus musculus strain B6CASTF1/J adrenal gland tissue female (25 days)	adrenal gland		ENC4_229 B6Cast F1 PND25_ Female 03_Adrenals	Ali Mortazavi, UCI	ENCODE	released	/files/ENCFF167GYW/,/files/ENCFF683RHS/,/files/ENCFF589EMD/,/files/ENCFF143YMN/,/files/ENCFF587AMI/,/files/ENCFF637NBP/,/files/ENCFF445TPE/,/files/ENCFF833EUH/,/files/ENCFF444SZT/,/files/ENCFF654HVZ/,/files/ENCFF859LBZ/,/files/ENCFF590DKH/		ENCBS430IOM,ENCBS214IJR	1,2	1		Mus musculus	unknown	25 days												/replicates/23d105fb-4551-409c-bd3b-2be60523e83a/,/replicates/a1569c58-c214-4fae-a128-b5404e764877/				
/experiments/ENCSR512EWP/	ENCSR512EWP	long read RNA-seq	long read RNA-seq				Mus musculus strain B6CASTF1/J adrenal gland tissue male (4 days)	adrenal gland		ENC4_215 B6Cast F1 PND4_Male 03_Adrenals	Ali Mortazavi, UCI	ENCODE	released	/files/ENCFF141ZHE/,/files/ENCFF560DMG/,/files/ENCFF177RGM/,/files/ENCFF985OTC/,/files/ENCFF252VXS/,/files/ENCFF639UOD/,/files/ENCFF571ZLW/,/files/ENCFF493QPL/,/files/ENCFF724ECI/,/files/ENCFF034HGS/,/files/ENCFF545VGM/,/files/ENCFF693JXD/		ENCBS886OBH,ENCBS623ZPY	1,2	1		Mus musculus	unknown	4 days												/replicates/2ea727ce-2e67-4118-b467-ebba1ce6bac6/,/replicates/b4bb0a04-fca6-45c2-a3c4-f45c3132e3b6/				
/experiments/ENCSR550KPM/	ENCSR550KPM	long read RNA-seq	long read RNA-seq				Mus musculus strain B6CASTF1/J left cerebral cortex tissue female adult (18-20 months)	left cerebral cortex		ENC4_471, ENC4_472 B6Cast F1 PND 18-20 months Male 03 L. cortex	Ali Mortazavi, UCI	ENCODE	released	/files/ENCFF742FWN/,/files/ENCFF520HCL/,/files/ENCFF177UAB/,/files/ENCFF132MEJ/,/files/ENCFF054XPK/,/files/ENCFF436XRC/,/files/ENCFF945DTN/,/files/ENCFF944IBN/,/files/ENCFF521YYK/,/files/ENCFF269APD/,/files/ENCFF731KHM/,/files/ENCFF770IHU/		ENCBS833RXG,ENCBS774TTB	1,2	1		Mus musculus	adult	18-20 months												/replicates/d4666f1d-6ea9-4f52-aa7d-cf11d40a3381/,/replicates/03e87259-71da-474c-86d7-93367ab8e998/				
/experiments/ENCSR842KTN/	ENCSR842KTN	long read RNA-seq	long read RNA-seq				Mus musculus strain B6CASTF1/J heart tissue male (14 days)	heart		ENC4_481, ENC4_482 heart_B6Cast F1 PND14 3x Males 03 heart_ENC4_cDNA593, cDNA_594	Ali Mortazavi, UCI	ENCODE	released	/files/ENCFF993KPU/,/files/ENCFF584WWA/,/files/ENCFF368ZIR/,/files/ENCFF860CBL/,/files/ENCFF594CLT/,/files/ENCFF727HKU/,/files/ENCFF228ZJD/,/files/ENCFF374DZB/,/files/ENCFF867QMB/,/files/ENCFF747EXS/,/files/ENCFF953BLN/,/files/ENCFF288LNQ/		ENCBS306HAS,ENCBS274KEH	2,1	1		Mus musculus	unknown	14 days												/replicates/61c4c477-6b4a-4b2c-a40d-13015c48a204/,/replicates/c9a2ef1e-26f9-4c24-bb10-c4713fadef03/				
/experiments/ENCSR280VKU/	ENCSR280VKU	long read RNA-seq	long read RNA-seq				Mus musculus strain B6.Cg-Tg(APPSwFlLon,PSEN1*M146L*L286V)6799Vas/Mmjax left cerebral cortex tissue	left cerebral cortex		5xFAD cortex het Female	Ali Mortazavi, UCI	ENCODE	released	/files/ENCFF944JXN/,/files/ENCFF148ESR/,/files/ENCFF832UPU/,/files/ENCFF966HQD/,/files/ENCFF517YJN/,/files/ENCFF211JXU/,/files/ENCFF663GCV/,/files/ENCFF609TZT/,/files/ENCFF971OCD/,/files/ENCFF883BMQ/		ENCBS172LSS,ENCBS354HBB	1,2	1		Mus musculus	unknown													/replicates/f886f2e3-3dfd-4dbf-a6a3-9b924b575dfa/,/replicates/6f4ec366-1e19-49af-be1a-96c886f883c9/				
/experiments/ENCSR942UFC/	ENCSR942UFC	long read RNA-seq	long read RNA-seq				Mus musculus strain C57BL/6J adrenal gland tissue	adrenal gland		adrenal gland BL6 male	Ali Mortazavi, UCI	ENCODE	released	/files/ENCFF311BUV/,/files/ENCFF698CVI/,/files/ENCFF897FRD/,/files/ENCFF966QFR/,/files/ENCFF245MJA/,/files/ENCFF694ZVY/,/files/ENCFF343ZMH/,/files/ENCFF992ZGY/,/files/ENCFF701QAF/,/files/ENCFF932ZLG/		ENCBS004AHE,ENCBS873WBE	1,2	1		Mus musculus	unknown													/replicates/f8924af7-61c4-4242-aaa6-bdb1ee81fbac/,/replicates/ac26af65-69c3-4f0a-8947-6d653255cfae/				
/experiments/ENCSR418ZYU/	ENCSR418ZYU	long read RNA-seq	long read RNA-seq				Mus musculus C2C12	C2C12		Myoblast cell line derived from thigh muscle of C3H mice after crush injury	Ali Mortazavi, UCI	ENCODE	released	/files/ENCFF008ATT/,/files/ENCFF238DPX/,/files/ENCFF542LOK/,/files/ENCFF257OKF/,/files/ENCFF913RSP/,/files/ENCFF140RMS/,/files/ENCFF116XKI/,/files/ENCFF200LKU/,/files/ENCFF663JJZ/,/files/ENCFF225OER/,/files/ENCFF176BGR/,/files/ENCFF423BZA/,/files/ENCFF782ZIK/,/files/ENCFF163ANR/,/files/ENCFF999UDH/,/files/ENCFF770QGG/,/files/ENCFF898EJY/,/files/ENCFF449KMJ/		ENCBS351CUU,ENCBS670LTF	1,2	1		Mus musculus	unknown													/replicates/eef93ae5-18e9-46d6-a8ce-75ca32968793/,/replicates/509a7614-3bcb-43b8-a879-a0264828c50f/				
/experiments/ENCSR735IBE/	ENCSR735IBE	long read RNA-seq	long read RNA-seq				Mus musculus strain C57BL/6J adrenal gland tissue	adrenal gland		adrenal gland BL6 female	Ali Mortazavi, UCI	ENCODE	released	/files/ENCFF560ONE/,/files/ENCFF445VZL/,/files/ENCFF343IGL/,/files/ENCFF590YTR/,/files/ENCFF777FZH/,/files/ENCFF540TLC/,/files/ENCFF498FMF/,/files/ENCFF134BVW/,/files/ENCFF442IQS/,/files/ENCFF094KKN/		ENCBS525FJF,ENCBS162KCU	2,1	1		Mus musculus	unknown													/replicates/02303d99-f280-4c4c-b78a-12a0ec3c588e/,/replicates/d3d5fab6-7fb0-4c60-9222-a6dd705710c8/				
/experiments/ENCSR674BKT/	ENCSR674BKT	long read RNA-seq	long read RNA-seq				Mus musculus strain B6.Cg-Tg(APPSwFlLon,PSEN1*M146L*L286V)6799Vas/Mmjax left cerebral cortex tissue adult (8 months)	left cerebral cortex		5xFAD ctx 8 mo Male	Ali Mortazavi, UCI	ENCODE	released	/files/ENCFF095CHU/,/files/ENCFF201HBC/,/files/ENCFF045LNO/,/files/ENCFF550PML/,/files/ENCFF461QSD/,/files/ENCFF968HLS/,/files/ENCFF783SCJ/,/files/ENCFF016RAT/,/files/ENCFF244NTP/,/files/ENCFF206UHR/		ENCBS255FDH,ENCBS295DXX	2,1	1		Mus musculus	adult	8.0 months												/replicates/e849e4a3-b904-43c2-9822-e0694b8a594b/,/replicates/d1fd5a88-a48b-457d-85ec-baf66affe0ce/				
/experiments/ENCSR644GDT/	ENCSR644GDT	long read RNA-seq	long read RNA-seq				Mus musculus strain B6NCrl left cerebral cortex tissue adult (6 months)	left cerebral cortex		Cortex from 6 mo C57BL/6 male	Ali Mortazavi, UCI	ENCODE	released	/files/ENCFF683BZL/,/files/ENCFF476MLA/,/files/ENCFF699JUB/,/files/ENCFF405HLV/,/files/ENCFF149EOM/,/files/ENCFF040ECY/,/files/ENCFF252AIK/,/files/ENCFF564YXR/,/files/ENCFF346JJP/,/files/ENCFF255IZW/		ENCBS375QEH,ENCBS913WLS	1,2	1		Mus musculus	adult	6.0 months												/replicates/0bb460b0-9b97-48ea-ba69-386d078d5017/,/replicates/dd3ff2d2-97d7-4ba7-ba90-e4f2deb486de/				
/experiments/ENCSR411ZHA/	ENCSR411ZHA	long read RNA-seq	long read RNA-seq				Mus musculus strain B6NCrl layer of hippocampus tissue	layer of hippocampus		Control hippo Female	Ali Mortazavi, UCI	ENCODE	released	/files/ENCFF978EIJ/,/files/ENCFF228VBQ/,/files/ENCFF242EDW/,/files/ENCFF316LYP/,/files/ENCFF615SPQ/,/files/ENCFF362HIV/,/files/ENCFF041PKK/,/files/ENCFF300PLB/,/files/ENCFF205THF/,/files/ENCFF591NHX/		ENCBS271YAL,ENCBS177UPU	1,2	1		Mus musculus	unknown													/replicates/085646b4-b21e-45b4-8c5d-3da0b58bb2f5/,/replicates/464dc575-6276-4c88-8109-cbe329f8e60e/				
/experiments/ENCSR060OTU/	ENCSR060OTU	long read RNA-seq	long read RNA-seq				Mus musculus strain B6.Cg-Tg(APPSwFlLon,PSEN1*M146L*L286V)6799Vas/Mmjax layer of hippocampus tissue	layer of hippocampus		5xFAD hippo het Female	Ali Mortazavi, UCI	ENCODE	released	/files/ENCFF448KBZ/,/files/ENCFF890RGD/,/files/ENCFF033LIM/,/files/ENCFF673DBN/,/files/ENCFF310WGT/,/files/ENCFF466LIU/,/files/ENCFF412YGK/,/files/ENCFF794EDV/,/files/ENCFF517RNH/,/files/ENCFF546FWC/		ENCBS418KFY,ENCBS251XQY	1,2	1		Mus musculus	unknown													/replicates/8a17c8a2-c1c0-451a-99f1-8225d7ccd47f/,/replicates/b33491fb-7c2b-4c41-937e-ecd2bba10a4f/				
/experiments/ENCSR404AEI/	ENCSR404AEI	long read RNA-seq	long read RNA-seq				Mus musculus strain B6.Cg-Tg(APPSwFlLon,PSEN1*M146L*L286V)6799Vas/Mmjax layer of hippocampus tissue adult (8 months)	layer of hippocampus		5xFAD hippo 8 mo Male	Ali Mortazavi, UCI	ENCODE	released	/files/ENCFF110OOL/,/files/ENCFF997NDX/,/files/ENCFF919ODZ/,/files/ENCFF008ZCM/,/files/ENCFF005MJQ/,/files/ENCFF292SMA/,/files/ENCFF076JGT/,/files/ENCFF458RBM/,/files/ENCFF327OGD/,/files/ENCFF079JZM/		ENCBS772JNS,ENCBS329OHE	1,2	1		Mus musculus	adult	8.0 months												/replicates/80fc53ea-fc99-42b6-9aaf-98213de108e2/,/replicates/42514f2d-6f17-4aee-b4c2-abed7d79c9cf/				
/experiments/ENCSR804QMV/	ENCSR804QMV	long read RNA-seq	long read RNA-seq				Mus musculus strain B6NCrl forelimb tissue embryo (11 days)	forelimb		Mus musculus strain B6NCrl embryo (11 days) forelimb tissue	Ali Mortazavi, UCI	ENCODE	released	/files/ENCFF348TRU/,/files/ENCFF273FZB/,/files/ENCFF685YPJ/,/files/ENCFF132AZU/,/files/ENCFF518UCU/,/files/ENCFF779BMP/,/files/ENCFF226FNF/,/files/ENCFF566IYO/,/files/ENCFF354BPX/		ENCBS084VOL	1	1		Mus musculus	embryonic	11.0 days												/replicates/22c09cb5-e573-46e4-ba32-6ee089f4f071/				
/experiments/ENCSR131CES/	ENCSR131CES	long read RNA-seq	long read RNA-seq				Mus musculus strain B6NCrl left cerebral cortex tissue	left cerebral cortex		Control cortex Female	Ali Mortazavi, UCI	ENCODE	released	/files/ENCFF046XAX/,/files/ENCFF319GBG/,/files/ENCFF609BFL/,/files/ENCFF505EPC/,/files/ENCFF976PNY/,/files/ENCFF909PGV/,/files/ENCFF525AQR/,/files/ENCFF607CUC/,/files/ENCFF815EUW/,/files/ENCFF853JDI/		ENCBS417IYY,ENCBS093QAO	2,1	1		Mus musculus	unknown													/replicates/9639606f-9bfa-4575-90e5-78644c8e0b62/,/replicates/629be919-5232-4aca-abe2-0b1a898de692/				
/experiments/ENCSR082JMB/	ENCSR082JMB	long read RNA-seq	long read RNA-seq				Mus musculus strain B6NCrl forelimb tissue embryo (13 days)	forelimb		Mus musculus strain B6NCrl embryo (13 days) forelimb tissue	Ali Mortazavi, UCI	ENCODE	released	/files/ENCFF417EKT/,/files/ENCFF330WRM/,/files/ENCFF493CVH/,/files/ENCFF062GDW/,/files/ENCFF006GFV/,/files/ENCFF479KNZ/,/files/ENCFF671GGY/,/files/ENCFF804XPQ/,/files/ENCFF993AZK/		ENCBS250SFS	1	1		Mus musculus	embryonic	13.0 days												/replicates/c27677e0-e793-49b5-9d0d-2eab18f964c6/				
/experiments/ENCSR340GWV/	ENCSR340GWV	long read RNA-seq	long read RNA-seq				Mus musculus strain B6NCrl left cerebral cortex tissue adult (6 months)	left cerebral cortex		Cortex1 from 6 mo C57BL/6 male	Ali Mortazavi, UCI	ENCODE	released	/files/ENCFF479GNP/,/files/ENCFF402ZUC/,/files/ENCFF201MOE/,/files/ENCFF056MPQ/,/files/ENCFF598CGD/,/files/ENCFF776HGW/,/files/ENCFF224ZEU/,/files/ENCFF296JQE/,/files/ENCFF050KJW/,/files/ENCFF214YXA/,/files/ENCFF378JMO/,/files/ENCFF797SZT/,/files/ENCFF839PZB/,/files/ENCFF088KBB/,/files/ENCFF773TTA/,/files/ENCFF299TEK/,/files/ENCFF923XYC/,/files/ENCFF573PNY/		ENCBS668TCF,ENCBS191KAZ	1,2	1		Mus musculus	adult	6 months												/replicates/1cab1a68-50d9-495b-8e57-f4917dbfd96e/,/replicates/5d117173-2830-4f1e-9f8a-8d75a02134cf/				
/experiments/ENCSR214HSG/	ENCSR214HSG	long read RNA-seq	long read RNA-seq				Mus musculus strain B6NCrl layer of hippocampus tissue adult (6 months)	layer of hippocampus		Hippocampus1 from 6 mo C57BL/6 male	Ali Mortazavi, UCI	ENCODE	released	/files/ENCFF309DMQ/,/files/ENCFF103DSA/,/files/ENCFF823NJH/,/files/ENCFF516GYV/,/files/ENCFF441GDL/,/files/ENCFF561AQN/,/files/ENCFF817KLD/,/files/ENCFF785YHN/,/files/ENCFF441BRN/,/files/ENCFF623FYU/,/files/ENCFF428AJY/,/files/ENCFF935JTV/,/files/ENCFF946NWJ/,/files/ENCFF894ESP/,/files/ENCFF648REP/,/files/ENCFF186RJL/,/files/ENCFF901VHB/,/files/ENCFF193IYE/		ENCBS486VZJ,ENCBS864FVU	1,2	1		Mus musculus	adult	6 months												/replicates/adbd4d48-859a-45eb-b4e6-988f4fb76781/,/replicates/338ee8b2-9a1f-4559-a228-a89fd11c80d0/				
