File accession	classification	hr	sample
ENCFF026RBK	cell_line	activated_cd4_positive_alpha_beta_t_cell_2_1	activated_cd4_positive_alpha_beta_t_cell
ENCFF785OAV	cell_line	cd4_positive_alpha_beta_t_cell_1_1	cd4_positive_alpha_beta_t_cell
ENCFF307CQG	cell_line	activated_cd8_positive_alpha_beta_memory_t_cell_3_1	activated_cd8_positive_alpha_beta_memory_t_cell
ENCFF594PJE	cell_line	cd8_positive_alpha_beta_memory_t_cell_1_1	cd8_positive_alpha_beta_memory_t_cell
ENCFF768JVA	cell_line	naive_thymus_derived_cd4_positive_alpha_beta_t_cell_2_1	naive_thymus_derived_cd4_positive_alpha_beta_t_cell
ENCFF606WIM	cell_line	activated_cd4_positive_alpha_beta_memory_t_cell_4_1	activated_cd4_positive_alpha_beta_memory_t_cell
ENCFF118MYS	cell_line	naive_thymus_derived_cd8_positive_alpha_beta_t_cell_2_1	naive_thymus_derived_cd8_positive_alpha_beta_t_cell
ENCFF980YEK	cell_line	activated_cd8_positive_alpha_beta_memory_t_cell_2_1	activated_cd8_positive_alpha_beta_memory_t_cell
ENCFF994LBK	cell_line	cd4_positive_alpha_beta_memory_t_cell_2_1	cd4_positive_alpha_beta_memory_t_cell
ENCFF268MYA	cell_line	stimulated_activated_cd4_positive_alpha_beta_t_cell_2_1	stimulated_activated_cd4_positive_alpha_beta_t_cell
ENCFF222WFS	cell_line	cd8_positive_alpha_beta_memory_t_cell_2_1	cd8_positive_alpha_beta_memory_t_cell
ENCFF989OGW	cell_line	stimulated_activated_cd8_positive_alpha_beta_t_cell_2_1	stimulated_activated_cd8_positive_alpha_beta_t_cell
ENCFF998GQD	cell_line	activated_cd4_positive_alpha_beta_memory_t_cell_3_1	activated_cd4_positive_alpha_beta_memory_t_cell
ENCFF049ZXW	cell_line	cd4_positive_alpha_beta_memory_t_cell_1_1	cd4_positive_alpha_beta_memory_t_cell
ENCFF127XUK	cell_line	activated_cd4_positive_alpha_beta_memory_t_cell_2_1	activated_cd4_positive_alpha_beta_memory_t_cell
ENCFF784PZE	cell_line	stimulated_activated_cd4_positive_alpha_beta_t_cell_1_1	stimulated_activated_cd4_positive_alpha_beta_t_cell
ENCFF666YEO	cell_line	activated_naive_cd8_positive_alpha_beta_t_cell_4_1	activated_naive_cd8_positive_alpha_beta_t_cell
ENCFF846SOK	tissue	liver_2_1	liver
ENCFF780YUS	tissue	liver_2_2	liver
ENCFF675DVW	tissue	lung_1_1	lung
ENCFF678NWU	tissue	lung_1_2	lung
ENCFF181TFL	tissue	heart_1_1	heart
ENCFF589BBG	tissue	heart_1_2	heart
ENCFF849GOI	tissue	metanephros_1_1	metanephros
ENCFF042PDK	tissue	metanephros_1_2	metanephros
ENCFF057WTO	cell_line	smooth_muscle_cell_of_the_pulmonary_artery_1_1	smooth_muscle_cell_of_the_pulmonary_artery
ENCFF717IUE	cell_line	smooth_muscle_cell_of_the_pulmonary_artery_1_2	smooth_muscle_cell_of_the_pulmonary_artery
ENCFF605EAB	cell_line	bronchial_epithelial_cell_1_1	bronchial_epithelial_cell
ENCFF903VZB	cell_line	bronchial_epithelial_cell_1_2	bronchial_epithelial_cell
ENCFF472HFI	cell_line	k562_3_1	k562
ENCFF628SMT	cell_line	k562_3_2	k562
ENCFF549QYX	tissue	heart_2_1	heart
ENCFF235JKT	cell_line	pulmonary_artery_endothelial_cell_1_1	pulmonary_artery_endothelial_cell
ENCFF546LII	cell_line	pulmonary_artery_endothelial_cell_1_2	pulmonary_artery_endothelial_cell
ENCFF941CAT	tissue	urinary_bladder_1_1	urinary_bladder
ENCFF516WWE	tissue	urinary_bladder_1_2	urinary_bladder
ENCFF953GWT	cell_line	lung_microvascular_endothelial_cell_1_1	lung_microvascular_endothelial_cell
ENCFF506QCN	cell_line	lung_microvascular_endothelial_cell_1_2	lung_microvascular_endothelial_cell
ENCFF480HNH	cell_line	gm12878_8_1	gm12878
ENCFF978HIY	cell_line	gm12878_8_2	gm12878
ENCFF980VIH	tissue	uterus_1_1	uterus
ENCFF326EAR	tissue	uterus_1_2	uterus
ENCFF136UBW	cell_line	k562_1_1	k562
ENCFF171FQU	cell_line	k562_1_2	k562
ENCFF856QGB	cell_line	activated_cd8_positive_alpha_beta_memory_t_cell_1_1	activated_cd8_positive_alpha_beta_memory_t_cell
ENCFF677IBW	cell_line	cd8_positive_alpha_beta_t_cell_2_1	cd8_positive_alpha_beta_t_cell
ENCFF884MLJ	cell_line	activated_naive_cd4_positive_alpha_beta_t_cell_4_1	activated_naive_cd4_positive_alpha_beta_t_cell
ENCFF769IPE	tissue	lung_2_1	lung
ENCFF758GXN	cell_line	wtc11_2_1	wtc11
ENCFF860GKX	cell_line	wtc11_2_2	wtc11
ENCFF501GNN	cell_line	wtc11_2_3	wtc11
ENCFF710IFD	cell_line	panc1_1_1	panc1
ENCFF186ITS	cell_line	naive_thymus_derived_cd4_positive_alpha_beta_t_cell_1_1	naive_thymus_derived_cd4_positive_alpha_beta_t_cell
ENCFF599HQU	cell_line	h9_de_1_1	h9_de
ENCFF643LBM	cell_line	h9_de_1_2	h9_de
ENCFF435PHM	cell_line	hct116_1_1	hct116
ENCFF629LFN	tissue	psoas_muscle_2_1	psoas_muscle
ENCFF395XDK	cell_line	h1_1_1	h1
ENCFF147QBI	tissue	camera_type_eye_1_1	camera_type_eye
ENCFF433TYY	tissue	camera_type_eye_1_2	camera_type_eye
ENCFF852WKI	tissue	lower_lobe_of_left_lung_1_1	lower_lobe_of_left_lung
ENCFF910XWA	cell_line	gm12878_1_1	gm12878
ENCFF413MYB	cell_line	gm12878_1_2	gm12878
ENCFF108HZC	tissue	umbilical_cord_1_1	umbilical_cord
ENCFF990JEO	tissue	umbilical_cord_1_2	umbilical_cord
ENCFF062KDX	tissue	placenta_9_1	placenta
ENCFF764ITI	tissue	pancreas_3_1	pancreas
ENCFF141OXD	tissue	mesenteric_fat_pad_1_1	mesenteric_fat_pad
ENCFF568EVC	tissue	aorta_2_1	aorta
ENCFF169BHZ	cell_line	smooth_muscle_cell_of_the_umbilical_artery_1_1	smooth_muscle_cell_of_the_umbilical_artery
ENCFF737ASX	cell_line	smooth_muscle_cell_of_the_umbilical_artery_1_2	smooth_muscle_cell_of_the_umbilical_artery
ENCFF890XTW	tissue	spleen_5_1	spleen
ENCFF388LFO	cell_line	epithelial_cell_of_umbilical_artery_1_1	epithelial_cell_of_umbilical_artery
ENCFF205QSH	cell_line	epithelial_cell_of_umbilical_artery_1_2	epithelial_cell_of_umbilical_artery
ENCFF973CPC	cell_line	activated_t_cell_1_1	activated_t_cell
ENCFF617JTM	cell_line	pc3_2_1	pc3
ENCFF421TJX	cell_line	k562_5_1	k562
ENCFF154PPT	cell_line	hffc6_1_1	hffc6
ENCFF416ZRK	cell_line	hffc6_1_2	hffc6
ENCFF758JPT	cell_line	hffc6_1_3	hffc6
ENCFF093ECT	cell_line	hffc6_1_4	hffc6
ENCFF625OLD	cell_line	hffc6_1_5	hffc6
ENCFF606LVM	cell_line	hffc6_1_6	hffc6
ENCFF178KKE	cell_line	wtc11_1_1	wtc11
ENCFF223XWE	cell_line	wtc11_1_2	wtc11
ENCFF278NVU	cell_line	wtc11_1_3	wtc11
ENCFF489OCT	cell_line	activated_naive_cd4_positive_alpha_beta_t_cell_1_1	activated_naive_cd4_positive_alpha_beta_t_cell
ENCFF866KGD	cell_line	activated_naive_cd4_positive_alpha_beta_t_cell_2_1	activated_naive_cd4_positive_alpha_beta_t_cell
ENCFF619BUB	cell_line	a673_1_1	a673
ENCFF908DWD	cell_line	a673_1_2	a673
ENCFF530KIE	tissue	spleen_8_1	spleen
ENCFF261VFJ	tissue	peyer's_patch_1_1	peyer's_patch
ENCFF458MLB	tissue	vagina_1_1	vagina
ENCFF976LMJ	tissue	thoracic_aorta_2_1	thoracic_aorta
ENCFF330FDU	tissue	thyroid_gland_4_1	thyroid_gland
ENCFF557IQC	tissue	thyroid_gland_4_2	thyroid_gland
ENCFF143INW	tissue	spleen_2_1	spleen
ENCFF651KGY	tissue	left_ventricle_myocardium_superior_1_1	left_ventricle_myocardium_superior
ENCFF228JXX	tissue	lower_lobe_of_left_lung_2_1	lower_lobe_of_left_lung
ENCFF022DRF	tissue	spleen_1_1	spleen
ENCFF454MTF	cell_line	huvec_1_1	huvec
ENCFF134FYP	cell_line	huvec_1_2	huvec
ENCFF316JPH	cell_line	activated_cd4_positive_alpha_beta_t_cell_1_1	activated_cd4_positive_alpha_beta_t_cell
ENCFF954SRP	cell_line	cd4_positive_alpha_beta_t_cell_2_1	cd4_positive_alpha_beta_t_cell
ENCFF613RIH	cell_line	activated_naive_cd8_positive_alpha_beta_t_cell_2_1	activated_naive_cd8_positive_alpha_beta_t_cell
ENCFF439GEM	cell_line	activated_cd4_positive_alpha_beta_memory_t_cell_1_1	activated_cd4_positive_alpha_beta_memory_t_cell
ENCFF374RPI	cell_line	tracheal_epithelial_cell_1_1	tracheal_epithelial_cell
ENCFF364FZI	cell_line	tracheal_epithelial_cell_1_2	tracheal_epithelial_cell
ENCFF864MBB	tissue	spinal_cord_1_1	spinal_cord
ENCFF577LMK	tissue	spinal_cord_1_2	spinal_cord
ENCFF073QIN	cell_line	myocyte_1_1	myocyte
ENCFF869MFP	cell_line	myocyte_1_2	myocyte
ENCFF544IKF	cell_line	activated_naive_cd8_positive_alpha_beta_t_cell_3_1	activated_naive_cd8_positive_alpha_beta_t_cell
ENCFF745LWF	cell_line	activated_cd8_positive_alpha_beta_t_cell_1_1	activated_cd8_positive_alpha_beta_t_cell
ENCFF494PJN	cell_line	cd8_positive_alpha_beta_t_cell_1_1	cd8_positive_alpha_beta_t_cell
ENCFF292FVY	cell_line	hmec_1_1	hmec
ENCFF219EZH	cell_line	hmec_1_2	hmec
ENCFF633VFS	cell_line	pc9_1_1	pc9
ENCFF877GJA	cell_line	pc9_1_2	pc9
ENCFF805HLI	cell_line	aortic_smooth_muscle_cell_1_1	aortic_smooth_muscle_cell
ENCFF804KXP	cell_line	aortic_smooth_muscle_cell_1_2	aortic_smooth_muscle_cell
ENCFF965OJQ	tissue	tongue_1_1	tongue
ENCFF755TBK	tissue	tongue_1_2	tongue
ENCFF705DBY	cell_line	activated_naive_cd4_positive_alpha_beta_t_cell_3_1	activated_naive_cd4_positive_alpha_beta_t_cell
ENCFF553SMR	cell_line	activated_cd8_positive_alpha_beta_memory_t_cell_4_1	activated_cd8_positive_alpha_beta_memory_t_cell
ENCFF316BTV	tissue	subcutaneous_adipose_tissue_1_1	subcutaneous_adipose_tissue
ENCFF963NVW	tissue	stomach_1_1	stomach
ENCFF607LUW	tissue	stomach_1_2	stomach
ENCFF526TMF	cell_line	hepatocyte_2_1	hepatocyte
ENCFF807ORH	cell_line	hepatocyte_2_2	hepatocyte
ENCFF089THE	cell_line	bronchus_fibroblast_of_lung_1_1	bronchus_fibroblast_of_lung
ENCFF716LRF	cell_line	bronchus_fibroblast_of_lung_1_2	bronchus_fibroblast_of_lung
ENCFF307TBV	cell_line	neural_cell_1_1	neural_cell
ENCFF552LNN	cell_line	neural_cell_1_2	neural_cell
ENCFF673ONF	cell_line	ht1080_1_1	ht1080
ENCFF149ZZO	cell_line	ht1080_1_2	ht1080
ENCFF841RJD	cell_line	mesangial_cell_1_1	mesangial_cell
ENCFF780XPP	cell_line	mesangial_cell_1_2	mesangial_cell
ENCFF760SNF	cell_line	stimulated_activated_cd8_positive_alpha_beta_t_cell_1_1	stimulated_activated_cd8_positive_alpha_beta_t_cell
ENCFF554FCJ	cell_line	activated_cd8_positive_alpha_beta_t_cell_2_1	activated_cd8_positive_alpha_beta_t_cell
ENCFF188GCO	cell_line	naive_thymus_derived_cd8_positive_alpha_beta_t_cell_1_1	naive_thymus_derived_cd8_positive_alpha_beta_t_cell
ENCFF687XPH	cell_line	activated_naive_cd8_positive_alpha_beta_t_cell_1_1	activated_naive_cd8_positive_alpha_beta_t_cell
ENCFF351WTM	cell_line	pericardium_fibroblast_1_1	pericardium_fibroblast
ENCFF187EMD	cell_line	pericardium_fibroblast_1_2	pericardium_fibroblast
ENCFF102TBO	cell_line	pgp1_astro_2_1	pgp1_astro
ENCFF026WTQ	cell_line	pgp1_astro_2_2	pgp1_astro
ENCFF962YZV	cell_line	dermis_lymphatic_vessel_endothelial_cell_1_1	dermis_lymphatic_vessel_endothelial_cell
ENCFF885OKS	cell_line	dermis_lymphatic_vessel_endothelial_cell_1_2	dermis_lymphatic_vessel_endothelial_cell
ENCFF477OQB	cell_line	gm12878_3_1	gm12878
ENCFF170TZG	cell_line	gm12878_3_2	gm12878
ENCFF246JXP	cell_line	dermis_microvascular_lymphatic_vessel_endothelial_cell_1_1	dermis_microvascular_lymphatic_vessel_endothelial_cell
ENCFF692WHC	cell_line	dermis_microvascular_lymphatic_vessel_endothelial_cell_1_2	dermis_microvascular_lymphatic_vessel_endothelial_cell
ENCFF286WMJ	cell_line	epithelial_cell_of_alveolus_of_lung_1_1	epithelial_cell_of_alveolus_of_lung
ENCFF554BFG	cell_line	epithelial_cell_of_alveolus_of_lung_1_2	epithelial_cell_of_alveolus_of_lung
ENCFF379BKF	cell_line	kidney_epithelial_cell_1_1	kidney_epithelial_cell
ENCFF902MQF	cell_line	kidney_epithelial_cell_1_2	kidney_epithelial_cell
ENCFF859YFW	tissue	liver_1_1	liver
ENCFF960OCQ	tissue	liver_1_2	liver
ENCFF654VNY	tissue	occipital_lobe_1_1	occipital_lobe
ENCFF476ZSX	tissue	occipital_lobe_1_2	occipital_lobe
ENCFF716CWC	cell_line	cardiac_atrium_fibroblast_1_1	cardiac_atrium_fibroblast
ENCFF388QEH	cell_line	cardiac_atrium_fibroblast_1_2	cardiac_atrium_fibroblast
ENCFF118WDU	tissue	subcutaneous_adipose_tissue_3_1	subcutaneous_adipose_tissue
ENCFF335HSJ	cell_line	bronchial_smooth_muscle_cell_1_1	bronchial_smooth_muscle_cell
ENCFF917PRB	cell_line	bronchial_smooth_muscle_cell_1_2	bronchial_smooth_muscle_cell
ENCFF884ZHJ	tissue	gastroesophageal_sphincter_2_1	gastroesophageal_sphincter
ENCFF856KIP	tissue	mucosa_of_descending_colon_1_1	mucosa_of_descending_colon
ENCFF995WUI	cell_line	smooth_muscle_cell_of_the_coronary_artery_1_1	smooth_muscle_cell_of_the_coronary_artery
ENCFF977FLH	cell_line	smooth_muscle_cell_of_the_coronary_artery_1_2	smooth_muscle_cell_of_the_coronary_artery
ENCFF202XCC	cell_line	regular_cardiac_myocyte_1_1	regular_cardiac_myocyte
ENCFF215HIL	cell_line	regular_cardiac_myocyte_1_2	regular_cardiac_myocyte
ENCFF103JDQ	tissue	upper_lobe_of_right_lung_1_1	upper_lobe_of_right_lung
ENCFF111ORO	cell_line	h9_panc_progen_1_1	h9_panc_progen
ENCFF411UJX	cell_line	h9_panc_progen_1_2	h9_panc_progen
ENCFF850OBS	tissue	right_lobe_of_liver_5_1	right_lobe_of_liver
ENCFF619LYC	cell_line	cardiac_muscle_cell_1_1	cardiac_muscle_cell
ENCFF137JZM	cell_line	cardiac_muscle_cell_1_2	cardiac_muscle_cell
ENCFF016HGS	tissue	thyroid_gland_3_1	thyroid_gland
ENCFF283HWB	tissue	uterus_2_1	uterus
ENCFF288NWG	tissue	pancreas_5_1	pancreas
ENCFF871JUN	cell_line	h9_osteocyte_1_1	h9_osteocyte
ENCFF651MIF	cell_line	h9_osteocyte_1_2	h9_osteocyte
ENCFF588SVT	cell_line	hffc6_4_1	hffc6
ENCFF410GKZ	cell_line	hffc6_4_2	hffc6
ENCFF300IHP	cell_line	hffc6_4_3	hffc6
ENCFF263XKP	cell_line	hffc6_4_4	hffc6
ENCFF429NOU	cell_line	hffc6_4_5	hffc6
ENCFF892DOQ	cell_line	hffc6_4_6	hffc6
ENCFF898SUY	cell_line	mesothelial_cell_of_epicardium_1_1	mesothelial_cell_of_epicardium
ENCFF860KFR	cell_line	mesothelial_cell_of_epicardium_1_2	mesothelial_cell_of_epicardium
ENCFF684KUY	cell_line	mesothelial_cell_of_epicardium_1_3	mesothelial_cell_of_epicardium
ENCFF694CZM	tissue	placenta_3_1	placenta
ENCFF604YLU	tissue	spleen_3_1	spleen
ENCFF345SHY	cell_line	gm12878_6_1	gm12878
ENCFF873VWU	cell_line	gm12878_6_2	gm12878
ENCFF463WWB	tissue	peyer's_patch_4_1	peyer's_patch
ENCFF738PEX	cell_line	myometrial_cell_1_1	myometrial_cell
ENCFF453YUP	cell_line	myometrial_cell_1_2	myometrial_cell
ENCFF106SZG	cell_line	pgp1_3_1	pgp1
ENCFF730OTJ	cell_line	pgp1_3_2	pgp1
ENCFF545DTG	cell_line	gm23248_2_1	gm23248
ENCFF115XWZ	cell_line	gm23248_2_2	gm23248
ENCFF325ZLI	tissue	skeletal_muscle_tissue_1_1	skeletal_muscle_tissue
ENCFF052WIM	tissue	skeletal_muscle_tissue_1_2	skeletal_muscle_tissue
ENCFF222LEJ	tissue	skin_of_body_1_1	skin_of_body
ENCFF254IMN	tissue	skin_of_body_1_2	skin_of_body
ENCFF508KLW	tissue	parietal_lobe_1_1	parietal_lobe
ENCFF995QDC	tissue	parietal_lobe_1_2	parietal_lobe
ENCFF410JLK	cell_line	glomerular_endothelial_cell_1_1	glomerular_endothelial_cell
ENCFF967BQL	cell_line	glomerular_endothelial_cell_1_2	glomerular_endothelial_cell
ENCFF091LWO	cell_line	gm23248_1_1	gm23248
ENCFF484OLK	cell_line	gm23248_1_2	gm23248
ENCFF791MED	cell_line	gm12878_2_1	gm12878
ENCFF473KMX	cell_line	gm12878_2_2	gm12878
ENCFF005FVC	tissue	esophagus_squamous_epithelium_1_1	esophagus_squamous_epithelium
ENCFF742CVV	cell_line	k562_2_1	k562
ENCFF222UVT	cell_line	k562_2_2	k562
ENCFF065FRH	cell_line	hair_follicular_keratinocyte_1_1	hair_follicular_keratinocyte
ENCFF934COC	cell_line	hair_follicular_keratinocyte_1_2	hair_follicular_keratinocyte
ENCFF952MIY	cell_line	fibroblast_of_lung_1_1	fibroblast_of_lung
ENCFF532XCI	cell_line	fibroblast_of_lung_1_2	fibroblast_of_lung
ENCFF852GKK	tissue	lower_leg_skin_1_1	lower_leg_skin
ENCFF546CZN	tissue	cerebellum_1_1	cerebellum
ENCFF668ZPO	tissue	cerebellum_1_2	cerebellum
ENCFF203EQV	cell_line	endothelial_cell_of_coronary_artery_1_1	endothelial_cell_of_coronary_artery
ENCFF612XKH	cell_line	endothelial_cell_of_coronary_artery_1_2	endothelial_cell_of_coronary_artery
ENCFF766VIZ	tissue	lower_leg_skin_2_1	lower_leg_skin
ENCFF660ZOT	tissue	peyer's_patch_3_1	peyer's_patch
ENCFF931XZE	tissue	frontal_cortex_1_1	frontal_cortex
ENCFF034QWK	tissue	frontal_cortex_1_2	frontal_cortex
ENCFF683JSC	tissue	stomach_2_1	stomach
ENCFF605ORY	tissue	esophagus_squamous_epithelium_4_1	esophagus_squamous_epithelium
ENCFF312EWH	cell_line	nasal_cavity_respiratory_epithelium_epithelial_cell_of_viscerocranial_mucosa_1_1	nasal_cavity_respiratory_epithelium_epithelial_cell_of_viscerocranial_mucosa
ENCFF674DQK	cell_line	nasal_cavity_respiratory_epithelium_epithelial_cell_of_viscerocranial_mucosa_1_2	nasal_cavity_respiratory_epithelium_epithelial_cell_of_viscerocranial_mucosa
ENCFF611ACI	tissue	stomach_4_1	stomach
ENCFF970ZLV	cell_line	pc3_1_1	pc3
ENCFF882EWJ	cell_line	pc3_1_2	pc3
ENCFF922VHC	cell_line	renal_cortical_epithelial_cell_1_1	renal_cortical_epithelial_cell
ENCFF733XOH	cell_line	renal_cortical_epithelial_cell_1_2	renal_cortical_epithelial_cell
ENCFF502KTX	tissue	esophagus_squamous_epithelium_2_1	esophagus_squamous_epithelium
ENCFF476TED	cell_line	dermis_blood_vessel_endothelial_cell_1_1	dermis_blood_vessel_endothelial_cell
ENCFF798EGT	cell_line	dermis_blood_vessel_endothelial_cell_1_2	dermis_blood_vessel_endothelial_cell
ENCFF056CEY	tissue	sigmoid_colon_1_1	sigmoid_colon
ENCFF145AQN	cell_line	neural_progenitor_cell_1_1	neural_progenitor_cell
ENCFF567GQW	cell_line	neural_progenitor_cell_1_2	neural_progenitor_cell
ENCFF417NTF	cell_line	bladder_microvascular_endothelial_cell_1_1	bladder_microvascular_endothelial_cell
ENCFF970GMU	cell_line	bladder_microvascular_endothelial_cell_1_2	bladder_microvascular_endothelial_cell
ENCFF063GIB	cell_line	smooth_muscle_cell_of_bladder_1_1	smooth_muscle_cell_of_bladder
ENCFF736RHN	cell_line	smooth_muscle_cell_of_bladder_1_2	smooth_muscle_cell_of_bladder
ENCFF090GQE	tissue	esophagus_muscularis_mucosa_4_1	esophagus_muscularis_mucosa
ENCFF658UGF	tissue	diencephalon_1_1	diencephalon
ENCFF307ZOK	tissue	diencephalon_1_2	diencephalon
ENCFF735XYK	tissue	upper_lobe_of_left_lung_3_1	upper_lobe_of_left_lung
ENCFF993HSV	tissue	esophagus_muscularis_mucosa_2_1	esophagus_muscularis_mucosa
ENCFF332SNL	tissue	right_atrium_auricular_region_1_1	right_atrium_auricular_region
ENCFF627ZCI	tissue	omental_fat_pad_4_1	omental_fat_pad
ENCFF398VOV	tissue	tibial_nerve_1_1	tibial_nerve
ENCFF673GJW	tissue	suprapubic_skin_2_1	suprapubic_skin
ENCFF299RPU	tissue	suprapubic_skin_4_1	suprapubic_skin
ENCFF975LIT	cell_line	daoy_1_1	daoy
ENCFF467ISV	cell_line	daoy_1_2	daoy
ENCFF872PGH	cell_line	h7_1_1	h7
ENCFF989CEV	cell_line	h7_1_2	h7
ENCFF326PKO	cell_line	m059j_1_1	m059j
ENCFF317ARA	cell_line	m059j_1_2	m059j
ENCFF876SRX	cell_line	nci_h460_1_1	nci_h460
ENCFF147QDQ	cell_line	nci_h460_1_2	nci_h460
ENCFF952ZOE	tissue	stomach_3_1	stomach
ENCFF852OZL	cell_line	skeletal_muscle_myoblast_1_1	skeletal_muscle_myoblast
ENCFF748QHT	cell_line	skeletal_muscle_myoblast_1_2	skeletal_muscle_myoblast
ENCFF865ICW	cell_line	rpmi7951_1_1	rpmi7951
ENCFF676GUE	cell_line	rpmi7951_1_2	rpmi7951
ENCFF096SPQ	tissue	gastrocnemius_medialis_3_1	gastrocnemius_medialis
ENCFF653FKA	tissue	gastrocnemius_medialis_3_2	gastrocnemius_medialis
ENCFF704TBX	tissue	thyroid_gland_2_1	thyroid_gland
ENCFF972PNH	tissue	thyroid_gland_2_2	thyroid_gland
ENCFF175USD	cell_line	sk_mel_5_1_1	sk_mel_5
ENCFF911LBG	cell_line	sk_mel_5_1_2	sk_mel_5
ENCFF373MPS	cell_line	purkinje_cell_1_1	purkinje_cell
ENCFF433OLB	cell_line	purkinje_cell_1_2	purkinje_cell
ENCFF776YSH	cell_line	smooth_muscle_cell_1_1	smooth_muscle_cell
ENCFF072KOK	cell_line	smooth_muscle_cell_1_2	smooth_muscle_cell
ENCFF707MOR	tissue	liver_3_1	liver
ENCFF434ZIT	tissue	liver_3_2	liver
ENCFF832XBO	cell_line	g401_1_1	g401
ENCFF921IWN	cell_line	g401_1_2	g401
ENCFF166LSM	cell_line	cardiac_muscle_cell_2_1	cardiac_muscle_cell
ENCFF314OZK	cell_line	cardiac_muscle_cell_2_2	cardiac_muscle_cell
ENCFF014IWI	cell_line	a172_1_1	a172
ENCFF575QDK	cell_line	a172_1_2	a172
ENCFF975JAS	cell_line	airway_epithelial_cell_1_1	airway_epithelial_cell
ENCFF638CSF	cell_line	airway_epithelial_cell_1_2	airway_epithelial_cell
ENCFF712ADS	cell_line	mammary_microvascular_endothelial_cell_1_1	mammary_microvascular_endothelial_cell
ENCFF146NYS	cell_line	mammary_microvascular_endothelial_cell_1_2	mammary_microvascular_endothelial_cell
ENCFF646YNM	cell_line	cardiac_ventricle_fibroblast_1_1	cardiac_ventricle_fibroblast
ENCFF156XZW	cell_line	cardiac_ventricle_fibroblast_1_2	cardiac_ventricle_fibroblast
ENCFF800SIJ	cell_line	epithelial_cell_of_proximal_tubule_1_1	epithelial_cell_of_proximal_tubule
ENCFF922JNB	cell_line	epithelial_cell_of_proximal_tubule_1_2	epithelial_cell_of_proximal_tubule
ENCFF940WFO	cell_line	lhcn_m2_1_1	lhcn_m2
ENCFF790FJL	cell_line	lhcn_m2_1_2	lhcn_m2
ENCFF308SRM	cell_line	caki2_1_1	caki2
ENCFF685WJV	cell_line	caki2_1_2	caki2
ENCFF008RKC	tissue	adrenal_gland_4_1	adrenal_gland
ENCFF736CEQ	tissue	thyroid_gland_1_1	thyroid_gland
ENCFF436POR	tissue	thyroid_gland_1_2	thyroid_gland
ENCFF466VVG	cell_line	uterine_smooth_muscle_cell_1_1	uterine_smooth_muscle_cell
ENCFF029UWI	cell_line	uterine_smooth_muscle_cell_1_2	uterine_smooth_muscle_cell
ENCFF876WYO	cell_line	sjsa1_1_1	sjsa1
ENCFF588OXD	cell_line	sjsa1_1_2	sjsa1
ENCFF710YES	tissue	adrenal_gland_3_1	adrenal_gland
ENCFF491ISO	tissue	adrenal_gland_3_2	adrenal_gland
ENCFF587GJM	tissue	temporal_lobe_1_1	temporal_lobe
ENCFF823QHI	tissue	temporal_lobe_1_2	temporal_lobe
ENCFF486DGZ	cell_line	k562_4_1	k562
ENCFF088LCK	cell_line	k562_4_2	k562
ENCFF795IDG	tissue	body_of_pancreas_2_1	body_of_pancreas
ENCFF631IKA	cell_line	myotube_1_1	myotube
ENCFF082PRM	cell_line	myotube_1_2	myotube
ENCFF629GPS	cell_line	h4_1_1	h4
ENCFF391NQS	cell_line	h4_1_2	h4
ENCFF367CLO	cell_line	gm12878_4_1	gm12878
ENCFF886ZXZ	cell_line	gm12878_4_2	gm12878
ENCFF663XXF	cell_line	mg63_1_1	mg63
ENCFF280XKK	cell_line	mg63_1_2	mg63
ENCFF039PXF	cell_line	smooth_muscle_cell_of_trachea_1_1	smooth_muscle_cell_of_trachea
ENCFF060FCJ	cell_line	smooth_muscle_cell_of_trachea_1_2	smooth_muscle_cell_of_trachea
ENCFF917RBA	cell_line	ocily7_1_1	ocily7
ENCFF561ERP	cell_line	ocily7_1_2	ocily7
ENCFF257LZM	cell_line	karpas_422_1_1	karpas_422
ENCFF491FJF	cell_line	karpas_422_1_2	karpas_422
ENCFF508PCH	tissue	left_colon_2_1	left_colon
ENCFF821VVG	tissue	heart_right_ventricle_2_1	heart_right_ventricle
ENCFF260VRG	tissue	sciatic_nerve_1_1	sciatic_nerve
ENCFF559RWJ	tissue	omental_fat_pad_1_1	omental_fat_pad
ENCFF005RLW	tissue	tibial_nerve_2_1	tibial_nerve
ENCFF906OMD	tissue	breast_epithelium_1_1	breast_epithelium
ENCFF854EYM	tissue	placenta_7_1	placenta
ENCFF702BES	tissue	sigmoid_colon_4_1	sigmoid_colon
ENCFF632UQN	tissue	thyroid_gland_5_1	thyroid_gland
ENCFF031CKR	tissue	esophagus_squamous_epithelium_3_1	esophagus_squamous_epithelium
ENCFF045PTB	tissue	sigmoid_colon_2_1	sigmoid_colon
ENCFF427ATU	cell_line	endometrial_microvascular_endothelial_cells_1_1	endometrial_microvascular_endothelial_cells
ENCFF367DJP	cell_line	endometrial_microvascular_endothelial_cells_1_2	endometrial_microvascular_endothelial_cells
ENCFF771NMO	cell_line	sjcrh30_1_1	sjcrh30
ENCFF955BPJ	cell_line	sjcrh30_1_2	sjcrh30
ENCFF061BJL	tissue	ovary_6_1	ovary
ENCFF467TWZ	tissue	gastrocnemius_medialis_1_1	gastrocnemius_medialis
ENCFF939MHB	tissue	upper_lobe_of_left_lung_1_1	upper_lobe_of_left_lung
ENCFF169YTW	tissue	upper_lobe_of_left_lung_4_1	upper_lobe_of_left_lung
ENCFF949ZRX	tissue	adrenal_gland_7_1	adrenal_gland
ENCFF736QCV	tissue	adrenal_gland_7_2	adrenal_gland
ENCFF577KCY	tissue	subcutaneous_adipose_tissue_4_1	subcutaneous_adipose_tissue
ENCFF682JCA	tissue	subcutaneous_adipose_tissue_2_1	subcutaneous_adipose_tissue
ENCFF495AYZ	tissue	tibial_nerve_4_1	tibial_nerve
ENCFF370RMR	tissue	heart_left_ventricle_1_1	heart_left_ventricle
ENCFF732HBO	tissue	testis_1_1	testis
ENCFF485OGN	tissue	prostate_gland_2_1	prostate_gland
ENCFF795SXL	tissue	lower_leg_skin_3_1	lower_leg_skin
ENCFF701OLG	tissue	right_lobe_of_liver_4_1	right_lobe_of_liver
ENCFF599AFQ	tissue	lower_leg_skin_4_1	lower_leg_skin
ENCFF169LQZ	tissue	colonic_mucosa_1_1	colonic_mucosa
ENCFF776BTK	tissue	stomach_5_1	stomach
ENCFF149KLH	tissue	placenta_6_1	placenta
ENCFF795UTR	tissue	thoracic_aorta_1_1	thoracic_aorta
ENCFF261ZPX	tissue	thoracic_aorta_1_2	thoracic_aorta
ENCFF320BJB	tissue	placenta_2_1	placenta
ENCFF588XFP	tissue	upper_lobe_of_left_lung_2_1	upper_lobe_of_left_lung
ENCFF577SLL	tissue	sigmoid_colon_3_1	sigmoid_colon
ENCFF998IFH	tissue	right_lobe_of_liver_2_1	right_lobe_of_liver
ENCFF249NNL	tissue	esophagus_muscularis_mucosa_3_1	esophagus_muscularis_mucosa
ENCFF288JWC	tissue	gastrocnemius_medialis_4_1	gastrocnemius_medialis
ENCFF285NIX	tissue	omental_fat_pad_3_1	omental_fat_pad
ENCFF222PXI	tissue	gastroesophageal_sphincter_4_1	gastroesophageal_sphincter
ENCFF609JOX	cell_line	ht_29_1_1	ht_29
ENCFF046QVS	cell_line	ht_29_1_2	ht_29
ENCFF175DVU	cell_line	a375_1_1	a375
ENCFF446MZM	cell_line	a375_1_2	a375
ENCFF259PFY	tissue	testis_2_1	testis
ENCFF801VQX	tissue	transverse_colon_3_1	transverse_colon
ENCFF080JPL	tissue	spleen_6_1	spleen
ENCFF875UFG	tissue	transverse_colon_1_1	transverse_colon
ENCFF898UXF	tissue	ascending_aorta_1_1	ascending_aorta
ENCFF661RYJ	tissue	adrenal_gland_6_1	adrenal_gland
ENCFF490WXZ	tissue	transverse_colon_4_1	transverse_colon
ENCFF082QRB	tissue	esophagus_muscularis_mucosa_1_1	esophagus_muscularis_mucosa
ENCFF380WQC	tissue	ovary_1_1	ovary
ENCFF846ZKU	tissue	right_atrium_auricular_region_2_1	right_atrium_auricular_region
ENCFF866SAB	tissue	breast_epithelium_2_1	breast_epithelium
ENCFF751ODP	tissue	suprapubic_skin_1_1	suprapubic_skin
ENCFF596GXF	tissue	peyer's_patch_2_1	peyer's_patch
ENCFF193ERL	tissue	breast_epithelium_3_1	breast_epithelium
ENCFF462HXM	cell_line	hepatocyte_1_1	hepatocyte
ENCFF497TJL	cell_line	hepatocyte_1_2	hepatocyte
ENCFF064QSR	tissue	omental_fat_pad_2_1	omental_fat_pad
ENCFF076NNR	tissue	upper_lobe_of_left_lung_6_1	upper_lobe_of_left_lung
ENCFF610HRQ	tissue	heart_left_ventricle_2_1	heart_left_ventricle
ENCFF273KTX	tissue	uterus_3_1	uterus
ENCFF042VIA	tissue	prostate_gland_1_1	prostate_gland
ENCFF612UEF	tissue	spleen_4_1	spleen
ENCFF434VRE	tissue	right_cardiac_atrium_1_1	right_cardiac_atrium
ENCFF858UNG	tissue	suprapubic_skin_3_1	suprapubic_skin
ENCFF056JMG	cell_line	hffc6_6_1	hffc6
ENCFF652AFK	cell_line	hffc6_6_2	hffc6
ENCFF187OSO	cell_line	hffc6_6_3	hffc6
ENCFF734MHI	cell_line	hffc6_6_4	hffc6
ENCFF320RSO	cell_line	hffc6_6_5	hffc6
ENCFF752KIC	cell_line	hffc6_6_6	hffc6
ENCFF378OOI	tissue	right_ventricle_myocardium_inferior_1_1	right_ventricle_myocardium_inferior
ENCFF658KST	tissue	right_lobe_of_liver_3_1	right_lobe_of_liver
ENCFF539KXZ	tissue	adrenal_gland_2_1	adrenal_gland
ENCFF792KTB	tissue	adrenal_gland_1_1	adrenal_gland
ENCFF721BRA	cell_line	mcf7_1_1	mcf7
ENCFF325KTI	cell_line	imr90_1_1	imr90
ENCFF863QWG	cell_line	hepg2_1_1	hepg2
ENCFF002NOM	tissue	placenta_11_1	placenta
ENCFF090XWE	cell_line	t_cell_2_1	t_cell
ENCFF830SAW	cell_line	t_cell_2_2	t_cell
ENCFF459HRW	tissue	placenta_4_1	placenta
ENCFF993FDD	tissue	adrenal_gland_5_1	adrenal_gland
ENCFF288QKP	tissue	ovary_2_1	ovary
ENCFF952GZT	tissue	posterior_vena_cava_1_1	posterior_vena_cava
ENCFF607DVO	tissue	ovary_3_1	ovary
ENCFF447JQZ	cell_line	h1_de_1_1	h1_de
ENCFF717IGS	cell_line	h1_de_1_2	h1_de
ENCFF036UCM	cell_line	h1_de_1_3	h1_de
ENCFF740CHD	tissue	left_cardiac_atrium_2_1	left_cardiac_atrium
ENCFF180ACE	tissue	mucosa_of_descending_colon_2_1	mucosa_of_descending_colon
ENCFF311HGE	tissue	heart_left_ventricle_5_1	heart_left_ventricle
ENCFF653OLW	tissue	kidney_1_1	kidney
ENCFF378HMN	tissue	ovary_5_1	ovary
ENCFF408FCD	tissue	heart_left_ventricle_4_1	heart_left_ventricle
ENCFF759RCN	tissue	left_lung_1_1	left_lung
ENCFF480KNS	tissue	lower_lobe_of_right_lung_1_1	lower_lobe_of_right_lung
ENCFF174OMR	cell_line	h1_2_1	h1
ENCFF910OBU	cell_line	h1_2_2	h1
ENCFF684BKA	cell_line	h9_neural_crest_1_1	h9_neural_crest
ENCFF290ZZQ	cell_line	h9_neural_crest_1_2	h9_neural_crest
ENCFF826BEQ	tissue	right_cardiac_atrium_4_1	right_cardiac_atrium
ENCFF119FZL	tissue	left_cardiac_atrium_1_1	left_cardiac_atrium
ENCFF784GEM	tissue	heart_right_ventricle_1_1	heart_right_ventricle
ENCFF440HGB	tissue	heart_left_ventricle_3_1	heart_left_ventricle
ENCFF054ADN	cell_line	h9_chondro_1_1	h9_chondro
ENCFF496AMJ	cell_line	h9_chondro_1_2	h9_chondro
ENCFF217MKR	cell_line	h9_chondro_1_3	h9_chondro
ENCFF997RHB	cell_line	hffc6_5_1	hffc6
ENCFF035XRV	cell_line	hffc6_5_2	hffc6
ENCFF859QWL	tissue	placenta_5_1	placenta
ENCFF940XNR	cell_line	hffc6_2_1	hffc6
ENCFF416HOG	cell_line	hffc6_2_2	hffc6
ENCFF278UHB	cell_line	hffc6_2_3	hffc6
ENCFF285AKX	tissue	colonic_mucosa_2_1	colonic_mucosa
ENCFF717WSV	tissue	right_ventricle_myocardium_superior_1_1	right_ventricle_myocardium_superior
ENCFF394BIS	tissue	left_ventricle_myocardium_inferior_1_1	left_ventricle_myocardium_inferior
ENCFF993QRD	tissue	right_cardiac_atrium_3_1	right_cardiac_atrium
ENCFF296APA	tissue	left_lobe_of_liver_1_1	left_lobe_of_liver
ENCFF658HZH	tissue	posterior_vena_cava_2_1	posterior_vena_cava
ENCFF635IYG	tissue	left_colon_1_1	left_colon
ENCFF084FUG	cell_line	gm12878_5_1	gm12878
ENCFF003XKT	cell_line	k562_6_1	k562
ENCFF928NYA	cell_line	k562_6_2	k562
ENCFF488KLW	tissue	pancreas_4_1	pancreas
ENCFF391DOY	cell_line	pgp1_1_1	pgp1
ENCFF892DWO	cell_line	pgp1_1_2	pgp1
ENCFF004TUO	tissue	pancreas_2_1	pancreas
ENCFF597QME	tissue	psoas_muscle_1_1	psoas_muscle
ENCFF840MWP	tissue	right_cardiac_atrium_2_1	right_cardiac_atrium
ENCFF935TRK	cell_line	gm12878_7_1	gm12878
ENCFF700JWD	cell_line	gm12878_7_2	gm12878
ENCFF838SQM	cell_line	smooth_muscle_cell_2_1	smooth_muscle_cell
ENCFF511YJF	cell_line	smooth_muscle_cell_2_2	smooth_muscle_cell
ENCFF995GSB	tissue	body_of_pancreas_1_1	body_of_pancreas
ENCFF306SMM	tissue	gastroesophageal_sphincter_3_1	gastroesophageal_sphincter
ENCFF197RQL	tissue	tibial_nerve_3_1	tibial_nerve
ENCFF451UPN	cell_line	pgp1_2_1	pgp1
ENCFF204QFN	cell_line	pgp1_2_2	pgp1
ENCFF366BBV	tissue	transverse_colon_2_1	transverse_colon
ENCFF390GTC	tissue	gastroesophageal_sphincter_1_1	gastroesophageal_sphincter
ENCFF187XXH	tissue	gastrocnemius_medialis_2_1	gastrocnemius_medialis
ENCFF211QYH	cell_line	pgp1_endo_1_1	pgp1_endo
ENCFF892OHT	cell_line	pgp1_endo_1_2	pgp1_endo
ENCFF299BMI	cell_line	h9_panc_beta_1_1	h9_panc_beta
ENCFF206GDB	cell_line	h9_panc_beta_1_2	h9_panc_beta
ENCFF917WYN	tissue	aorta_1_1	aorta
ENCFF741NOM	tissue	placenta_8_1	placenta
ENCFF238QSB	cell_line	activated_t_cell_3_1	activated_t_cell
ENCFF155ZUU	cell_line	pgp1_astro_1_1	pgp1_astro
ENCFF993LWR	cell_line	pgp1_astro_1_2	pgp1_astro
ENCFF333KZV	tissue	mucosa_of_gallbladder_1_1	mucosa_of_gallbladder
ENCFF093OCA	tissue	ovary_4_1	ovary
ENCFF787FKA	cell_line	t_cell_1_1	t_cell
ENCFF834JTO	cell_line	t_cell_1_2	t_cell
ENCFF483MRL	cell_line	pgp1_excite_neuron_1_1	pgp1_excite_neuron
ENCFF425FGL	cell_line	pgp1_excite_neuron_1_2	pgp1_excite_neuron
ENCFF889NCM	tissue	upper_lobe_of_left_lung_5_1	upper_lobe_of_left_lung
ENCFF982CMC	tissue	placenta_1_1	placenta
ENCFF258PUQ	tissue	pancreas_1_1	pancreas
ENCFF274WSK	cell_line	h9_1_1	h9
ENCFF216CFE	cell_line	h9_1_2	h9
ENCFF460MYI	tissue	cardiac_septum_1_1	cardiac_septum
ENCFF343TBX	cell_line	t_cell_3_1	t_cell
ENCFF492RBW	cell_line	t_cell_3_2	t_cell
ENCFF090JUO	cell_line	activated_t_cell_2_1	activated_t_cell
ENCFF489CHJ	tissue	left_lung_2_1	left_lung
ENCFF932VTY	tissue	right_lobe_of_liver_1_1	right_lobe_of_liver
ENCFF221IRL	tissue	placenta_10_1	placenta
ENCFF278GBV	tissue	spleen_7_1	spleen
ENCFF471MPG	tissue	heart_right_ventricle_3_1	heart_right_ventricle
ENCFF007ABB	cell_line	hffc6_3_1	hffc6
ENCFF297SFW	cell_line	hffc6_3_2	hffc6
ENCFF948IEB	cell_line	hffc6_3_3	hffc6
